{
  "box": [
    [
      0,
      0
    ],
    [
      640,
      0
    ],
    [
      640,
      480
    ],
    [
      0,
      480
    ]
  ],
  "box2img": [
    [
      3.0000000000000018,
      2.2376577587385205e-16,
      -6.62837840170738e-15
    ],
    [
      -8.589998287331091e-16,
      2.2500000000000013,
      -5.3099885599650065e-15
    ],
    [
      7.937856768630368e-19,
      4.227538131023763e-19,
      1.0
    ]
  ],
  "box2img_post_cut": [
    [
      2.1656250000000017,
      3.691606753359472e-16,
      -7.662360329563356e-14
    ],
    [
      -8.973416221235223e-16,
      2.0833333333333357,
      -4.918461471437041e-14
    ],
    [
      2.6674424085242505e-19,
      1.9092982898948985e-20,
      1.0
    ]
  ],
  "box2img_pre_cut": [
    [
      2.1091497887906874,
      -0.019994019359979243,
      293.9999999999999
    ],
    [
      0.014992524824779252,
      2.0363832348139734,
      55.999999999999986
    ],
    [
      -9.582957200309362e-06,
      2.955330892090896e-06,
      1.0
    ]
  ],
  "box2model": [
    [
      1.25,
      2.220446049250313e-16,
      -400.0000000000005
    ],
    [
      6.106226635438361e-16,
      -1.250000000000002,
      299.99999999999983
    ],
    [
      -1.3010426069826053e-18,
      2.2768245622195593e-18,
      1.0
    ]
  ],
  "box2tygron_export": [
    [
      1.562500000000003,
      -5.500886069353603e-16,
      -2.368695517507291e-13
    ],
    [
      2.6535102782589137e-15,
      -1.5625000000000027,
      1.4931285374775172e-13
    ],
    [
      -3.813401885542964e-19,
      4.633865791522061e-19,
      1.0
    ]
  ],
  "box2tygron_update": [
    [
      1.562500000000003,
      -5.500886069353603e-16,
      -2.368695517507291e-13
    ],
    [
      -2.6535102782589137e-15,
      1.5625000000000027,
      -1.4931285374775172e-13
    ],
    [
      -3.813401885542964e-19,
      4.633865791522061e-19,
      1.0
    ]
  ],
  "img2box": [
    [
      0.3333333333333341,
      9.927795771477428e-16,
      -4.782775737954825e-13
    ],
    [
      5.0268281985549725e-17,
      0.4444444444444464,
      -1.9122951919886555e-13
    ],
    [
      5.943861387864634e-19,
      2.5428226861594615e-18,
      1.0
    ]
  ],
  "img2img_post_cut": [
    [
      0.7218750000000003,
      2.5898074713947596e-16,
      -3.3873836895181864e-13
    ],
    [
      -2.0234378324219876e-16,
      0.9259259259259283,
      -1.5064316981339143e-13
    ],
    [
      2.729509905787167e-20,
      4.394052690257984e-19,
      1.0
    ]
  ],
  "img2img_pre_cut": [
    [
      0.7030499295968958,
      -0.00888623082665782,
      294.0
    ],
    [
      0.004997508274926399,
      0.9050592154728767,
      55.99999999999997
    ],
    [
      -3.1943190667704107e-06,
      1.3134803964852794e-06,
      1.0
    ]
  ],
  "img2model": [
    [
      0.4166666666666669,
      3.3306690738754696e-16,
      -400.00000000000017
    ],
    [
      -1.249000902703301e-16,
      -0.5555555555555565,
      300.0000000000005
    ],
    [
      3.2526065174565133e-19,
      -7.047314121155779e-19,
      1.0
    ]
  ],
  "img2tygron_export": [
    [
      0.5208333333333335,
      -9.091816604184797e-16,
      -3.863067634876649e-13
    ],
    [
      1.0097404060648853e-15,
      -0.6944444444444448,
      -2.0910389305489607e-13
    ],
    [
      -9.527512824295229e-19,
      -1.8037820969818686e-19,
      1.0
    ]
  ],
  "img2tygron_update": [
    [
      0.5208333333333335,
      -9.091816604184797e-16,
      -3.863067634876649e-13
    ],
    [
      -1.0097404060648853e-15,
      0.6944444444444448,
      2.0910389305489607e-13
    ],
    [
      -9.527512824295229e-19,
      -1.8037820969818686e-19,
      1.0
    ]
  ],
  "img_points": [
    [
      0,
      0
    ],
    [
      1920,
      0
    ],
    [
      1920,
      1080
    ],
    [
      0,
      1080
    ]
  ],
  "img_post_cut2box": [
    [
      0.4617604617604626,
      7.257255472297493e-16,
      -2.9409829606363846e-13
    ],
    [
      1.374570360760199e-16,
      0.480000000000002,
      -1.692141435652439e-13
    ],
    [
      4.945516427059071e-19,
      2.69764794256739e-18,
      1.0
    ]
  ],
  "img_post_cut2img": [
    [
      1.3852813852813861,
      -1.3886596950465901e-16,
      -6.9779251821167065e-15
    ],
    [
      -3.5919999139271026e-16,
      1.0800000000000007,
      -5.4756546519207916e-15
    ],
    [
      3.4695718562261097e-19,
      1.3146826084884516e-19,
      1.0
    ]
  ],
  "img_post_cut2img_pre_cut": [
    [
      0.9739219803939675,
      -0.009597129292790108,
      294.0
    ],
    [
      0.00692295518604466,
      0.977463952710707,
      55.99999999999997
    ],
    [
      -4.425030741846066e-06,
      1.4185588282037288e-06,
      1.0
    ]
  ],
  "img_post_cut2model": [
    [
      0.5772005772005766,
      -4.996003610813204e-16,
      -400.0000000000001
    ],
    [
      8.326672684688674e-17,
      -0.6000000000000011,
      300.00000000000017
    ],
    [
      -8.673617379884035e-19,
      5.421010862427522e-19,
      1.0
    ]
  ],
  "img_post_cut2tygron_export": [
    [
      0.7215007215007218,
      -2.514972110504842e-16,
      -2.7075997693915e-13
    ],
    [
      1.4638071875775708e-15,
      -0.7500000000000012,
      1.644611096612847e-13
    ],
    [
      -2.5945243695761697e-19,
      4.425836071319569e-19,
      1.0
    ]
  ],
  "img_post_cut2tygron_update": [
    [
      0.7215007215007218,
      -2.514972110504842e-16,
      -2.7075997693915e-13
    ],
    [
      -1.4638071875775708e-15,
      0.7500000000000012,
      -1.644611096612847e-13
    ],
    [
      -2.5945243695761697e-19,
      4.425836071319569e-19,
      1.0
    ]
  ],
  "img_post_cut_points": [
    [
      0,
      0
    ],
    [
      1386,
      0
    ],
    [
      1386,
      1000
    ],
    [
      0,
      1000
    ]
  ],
  "img_pre_cut2box": [
    [
      0.47405307705904176,
      0.00485710119937454,
      -139.64360232252358
    ],
    [
      -0.0036153555164498696,
      0.491688350237098,
      -26.47163309144137
    ],
    [
      4.553514919975062e-06,
      -1.4065563778258976e-06,
      1.0
    ]
  ],
  "img_pre_cut2img": [
    [
      1.4221592311771212,
      0.014571303598126056,
      -418.93080696756846
    ],
    [
      -0.008134549912011763,
      1.1062987880334663,
      -59.56117445574216
    ],
    [
      4.5535149199746555e-06,
      -1.406556377826372e-06,
      1.0
    ]
  ],
  "img_pre_cut2img_post_cut": [
    [
      1.0266211950059867,
      0.010518659784897647,
      -302.4156762797144
    ],
    [
      -0.007531990659269433,
      1.024350729660619,
      -55.1492356071695
    ],
    [
      4.553514919976173e-06,
      -1.406556377826399e-06,
      1.0
    ]
  ],
  "img_pre_cut2model": [
    [
      0.590744940355811,
      0.006633999050349559,
      -574.5545029031537
    ],
    [
      0.005885248871554394,
      -0.615032404709719,
      333.0895413643018
    ],
    [
      4.553514919974412e-06,
      -1.4065563778259383e-06,
      1.0
    ]
  ],
  "img_pre_cut2tygron_export": [
    [
      0.7407079329047533,
      0.007589220624023771,
      -218.19312862894282
    ],
    [
      0.005648992994452276,
      -0.7682630472454643,
      41.361926705377414
    ],
    [
      4.553514919976878e-06,
      -1.4065563778271445e-06,
      1.0
    ]
  ],
  "img_pre_cut2tygron_update": [
    [
      0.7407079329047533,
      0.007589220624023771,
      -218.19312862894282
    ],
    [
      -0.005648992994452276,
      0.7682630472454643,
      -41.361926705377414
    ],
    [
      4.553514919976878e-06,
      -1.4065563778271445e-06,
      1.0
    ]
  ],
  "img_pre_cut_points": [
    [
      294.0,
      56.0
    ],
    [
      1654.0,
      66.0
    ],
    [
      1642.0,
      1048.0
    ],
    [
      284.0,
      1032.0
    ]
  ],