{
  "box": [
    [
      0,
      0
    ],
    [
      640,
      0
    ],
    [
      640,
      480
    ],
    [
      0,
      480
    ]
  ],
  "box2img": [
    [
      3.0000000000000018,
      2.2376577587385205e-16,
      -6.62837840170738e-15
    ],
    [
      -8.589998287331091e-16,
      2.2500000000000013,
      -5.3099885599650065e-15
    ],
    [
      7.937856768630368e-19,
      4.227538131023763e-19,
      1.0
    ]
  ],
  "box2img_post_cut": [
    [
      2.1656250000000017,
      3.691606753359472e-16,
      -7.662360329563356e-14
    ],
    [
      -8.973416221235223e-16,
      2.0833333333333357,
      -4.918461471437041e-14
    ],
    [
      2.6674424085242505e-19,
      1.9092982898948985e-20,
      1.0
    ]
  ],
  "box2img_pre_cut": [
    [
      2.1239391615541945,
      -0.009950980392157027,
      268.0
    ],
    [
      0.0033422801635984434,
      2.035257352941176,
      65.99999999999996
    ],
    [
      3.195296523518195e-06,
      -6.127450980393306e-06,
      1.0
    ]
  ],
  "box2model": [
    [
      1.25,
      2.220446049250313e-16,
      -400.0000000000005
    ],
    [
      6.106226635438361e-16,
      -1.250000000000002,
      299.99999999999983
    ],
    [
      -1.3010426069826053e-18,
      2.2768245622195593e-18,
      1.0
    ]
  ],
  "box2tygron_export": [
    [
      1.562500000000003,
      -5.500886069353603e-16,
      -2.368695517507291e-13
    ],
    [
      2.6535102782589137e-15,
      -1.5625000000000027,
      1.4931285374775172e-13
    ],
    [
      -3.813401885542964e-19,
      4.633865791522061e-19,
      1.0
    ]
  ],
  "box2tygron_update": [
    [
      1.562500000000003,
      -5.500886069353603e-16,
      -2.368695517507291e-13
    ],
    [
      -2.6535102782589137e-15,
      1.5625000000000027,
      -1.4931285374775172e-13
    ],
    [
      -3.813401885542964e-19,
      4.633865791522061e-19,
      1.0
    ]
  ],
  "img2box": [
    [
      0.3333333333333341,
      9.927795771477428e-16,
      -4.782775737954825e-13
    ],
    [
      5.0268281985549725e-17,
      0.4444444444444464,
      -1.9122951919886555e-13
    ],
    [
      5.943861387864634e-19,
      2.5428226861594615e-18,
      1.0
    ]
  ],
  "img2img_post_cut": [
    [
      0.7218750000000003,
      2.5898074713947596e-16,
      -3.3873836895181864e-13
    ],
    [
      -2.0234378324219876e-16,
      0.9259259259259283,
      -1.5064316981339143e-13
    ],
    [
      2.729509905787167e-20,
      4.394052690257984e-19,
      1.0
    ]
  ],
  "img2img_pre_cut": [
    [
      0.7079797205180643,
      -0.004422657952069919,
      267.9999999999999
    ],
    [
      0.0011140933878662357,
      0.9045588235294114,
      65.99999999999999
    ],
    [
      1.0650988411725962e-06,
      -2.723311546841623e-06,
      1.0
    ]
  ],
  "img2model": [
    [
      0.4166666666666669,
      3.3306690738754696e-16,
      -400.00000000000017
    ],
    [
      -1.249000902703301e-16,
      -0.5555555555555565,
      300.0000000000005
    ],
    [
      3.2526065174565133e-19,
      -7.047314121155779e-19,
      1.0
    ]
  ],
  "img2tygron_export": [
    [
      0.5208333333333335,
      -9.091816604184797e-16,
      -3.863067634876649e-13
    ],
    [
      1.0097404060648853e-15,
      -0.6944444444444448,
      -2.0910389305489607e-13
    ],
    [
      -9.527512824295229e-19,
      -1.8037820969818686e-19,
      1.0
    ]
  ],
  "img2tygron_update": [
    [
      0.5208333333333335,
      -9.091816604184797e-16,
      -3.863067634876649e-13
    ],
    [
      -1.0097404060648853e-15,
      0.6944444444444448,
      2.0910389305489607e-13
    ],
    [
      -9.527512824295229e-19,
      -1.8037820969818686e-19,
      1.0
    ]
  ],
  "img_points": [
    [
      0,
      0
    ],
    [
      1920,
      0
    ],
    [
      1920,
      1080
    ],
    [
      0,
      1080
    ]
  ],
  "img_post_cut2box": [
    [
      0.4617604617604626,
      7.257255472297493e-16,
      -2.9409829606363846e-13
    ],
    [
      1.374570360760199e-16,
      0.480000000000002,
      -1.692141435652439e-13
    ],
    [
      4.945516427059071e-19,
      2.69764794256739e-18,
      1.0
    ]
  ],
  "img_post_cut2img": [
    [
      1.3852813852813861,
      -1.3886596950465901e-16,
      -6.9779251821167065e-15
    ],
    [
      -3.5919999139271026e-16,
      1.0800000000000007,
      -5.4756546519207916e-15
    ],
    [
      3.4695718562261097e-19,
      1.3146826084884516e-19,
      1.0
    ]
  ],
  "img_post_cut2img_pre_cut": [
    [
      0.9807511279903913,
      -0.0047764705882356595,
      267.99999999999994
    ],
    [
      0.0015433328316761807,
      0.976923529411764,
      66.0
    ],
    [
      1.4754615981612195e-06,
      -2.941176470589143e-06,
      1.0
    ]
  ],
  "img_post_cut2model": [
    [
      0.5772005772005766,
      -4.996003610813204e-16,
      -400.0000000000001
    ],
    [
      8.326672684688674e-17,
      -0.6000000000000011,
      300.00000000000017
    ],
    [
      -8.673617379884035e-19,
      5.421010862427522e-19,
      1.0
    ]
  ],
  "img_post_cut2tygron_export": [
    [
      0.7215007215007218,
      -2.514972110504842e-16,
      -2.7075997693915e-13
    ],
    [
      1.4638071875775708e-15,
      -0.7500000000000012,
      1.644611096612847e-13
    ],
    [
      -2.5945243695761697e-19,
      4.425836071319569e-19,
      1.0
    ]
  ],
  "img_post_cut2tygron_update": [
    [
      0.7215007215007218,
      -2.514972110504842e-16,
      -2.7075997693915e-13
    ],
    [
      -1.4638071875775708e-15,
      0.7500000000000012,
      -1.644611096612847e-13
    ],
    [
      -2.5945243695761697e-19,
      4.425836071319569e-19,
      1.0
    ]
  ],
  "img_post_cut_points": [
    [
      0,
      0
    ],
    [
      1386,
      0
    ],
    [
      1386,
      1000
    ],
    [
      0,
      1000
    ]
  ],
  "img_pre_cut2box": [
    [
      0.4709132096307117,
      0.001922094733185685,
      -126.33159843342128
    ],
    [
      -0.0007243900830416969,
      0.49113647630197044,
      -32.22087089367504
    ],
    [
      -1.5091460063367836e-06,
      3.00327302060501e-06,
      1.0
    ]
  ],
  "img_pre_cut2img": [
    [
      1.4127396288921332,
      0.005766284199559463,
      -378.9947953002621
    ],
    [
      -0.001629877686843112,
      1.1050570716794306,
      -72.49695951076885
    ],
    [
      -1.5091460063364041e-06,
      3.003273020603709e-06,
      1.0
    ]
  ],
  "img_pre_cut2img_post_cut": [
    [
      1.019821419606511,
      0.004162536406556561,
      -273.5868678573775
    ],
    [
      -0.0015091460063360734,
      1.0232009922957703,
      -67.12681436182275
    ],
    [
      -1.5091460063355368e-06,
      3.003273020604224e-06,
      1.0
    ]
  ],
  "img_pre_cut2model": [
    [
      0.589245170440924,
      0.0012013092082413523,
      -557.914498041776
    ],
    [
      0.00045274380190094,
      -0.61301961347128,
      340.2760886170939
    ],
    [
      -1.5091460063362686e-06,
      3.0032730206042374e-06,
      1.0
    ]
  ],
  "img_pre_cut2tygron_export": [
    [
      0.735801890047987,
      0.003003273020604297,
      -197.39312255222063
    ],
    [
      0.0011318595047524332,
      -0.7674007442218275,
      50.34511077136721
    ],
    [
      -1.5091460063356723e-06,
      3.0032730206035598e-06,
      1.0
    ]
  ],
  "img_pre_cut2tygron_update": [
    [
      0.735801890047987,
      0.003003273020604297,
      -197.39312255222063
    ],
    [
      -0.0011318595047524332,
      0.7674007442218275,
      -50.34511077136721
    ],
    [
      -1.5091460063356723e-06,
      3.0032730206035598e-06,
      1.0
    ]
  ],
  "img_pre_cut_points": [
    [
      268.0,
      66.0
    ],
    [
      1624.0,
      68.0
    ],
    [
      1624.0,
      1046.0
    ],
    [
      264.0,
      1046.0
    ]
  ],