{
  "box": [
    [
      0,
      0
    ],
    [
      640,
      0
    ],
    [
      640,
      480
    ],
    [
      0,
      480
    ]
  ],
  "box2img": [
    [
      3.0000000000000018,
      2.2376577587385205e-16,
      -6.62837840170738e-15
    ],
    [
      -8.589998287331091e-16,
      2.2500000000000013,
      -5.3099885599650065e-15
    ],
    [
      7.937856768630368e-19,
      4.227538131023763e-19,
      1.0
    ]
  ],
  "box2img_post_cut": [
    [
      2.1656250000000017,
      3.691606753359472e-16,
      -7.662360329563356e-14
    ],
    [
      -8.973416221235223e-16,
      2.0833333333333357,
      -4.918461471437041e-14
    ],
    [
      2.6674424085242505e-19,
      1.9092982898948985e-20,
      1.0
    ]
  ],
  "box2img_pre_cut": [
    [
      2.1478703098959495,
      -0.001681205551302134,
      272.0
    ],
    [
      0.007174986487093804,
      2.0518928326551857,
      54.00000000000004
    ],
    [
      1.594804288095221e-05,
      -6.180902762138859e-06,
      1.0
    ]
  ],
  "box2model": [
    [
      1.25,
      2.220446049250313e-16,
      -400.0000000000005
    ],
    [
      6.106226635438361e-16,
      -1.250000000000002,
      299.99999999999983
    ],
    [
      -1.3010426069826053e-18,
      2.2768245622195593e-18,
      1.0
    ]
  ],
  "box2tygron_export": [
    [
      1.562500000000003,
      -5.500886069353603e-16,
      -2.368695517507291e-13
    ],
    [
      2.6535102782589137e-15,
      -1.5625000000000027,
      1.4931285374775172e-13
    ],
    [
      -3.813401885542964e-19,
      4.633865791522061e-19,
      1.0
    ]
  ],
  "box2tygron_update": [
    [
      1.562500000000003,
      -5.500886069353603e-16,
      -2.368695517507291e-13
    ],
    [
      2.6535102782589137e-15,
      -1.5625000000000027,
      1.4931285374775172e-13
    ],
    [
      -3.813401885542964e-19,
      4.633865791522061e-19,
      1.0
    ]
  ],
  "img2box": [
    [
      0.3333333333333341,
      9.927795771477428e-16,
      -4.782775737954825e-13
    ],
    [
      5.0268281985549725e-17,
      0.4444444444444464,
      -1.9122951919886555e-13
    ],
    [
      5.943861387864634e-19,
      2.5428226861594615e-18,
      1.0
    ]
  ],
  "img2img_post_cut": [
    [
      0.7218750000000003,
      2.5898074713947596e-16,
      -3.3873836895181864e-13
    ],
    [
      -2.0234378324219876e-16,
      0.9259259259259283,
      -1.5064316981339143e-13
    ],
    [
      2.729509905787167e-20,
      4.394052690257984e-19,
      1.0
    ]
  ],
  "img2img_pre_cut": [
    [
      0.7159567699653178,
      -0.000747202467244662,
      271.99999999999994
    ],
    [
      0.0023916621623649575,
      0.911952370068972,
      53.999999999999986
    ],
    [
      5.316014293650859e-06,
      -2.7470678942832056e-06,
      1.0
    ]
  ],
  "img2model": [
    [
      0.4166666666666669,
      3.3306690738754696e-16,
      -400.00000000000017
    ],
    [
      -1.249000902703301e-16,
      -0.5555555555555565,
      300.0000000000005
    ],
    [
      3.2526065174565133e-19,
      -7.047314121155779e-19,
      1.0
    ]
  ],
  "img2tygron_export": [
    [
      0.5208333333333335,
      -9.091816604184797e-16,
      -3.863067634876649e-13
    ],
    [
      1.0097404060648853e-15,
      -0.6944444444444448,
      -2.0910389305489607e-13
    ],
    [
      -9.527512824295229e-19,
      -1.8037820969818686e-19,
      1.0
    ]
  ],
  "img2tygron_update": [
    [
      0.5208333333333335,
      -9.091816604184797e-16,
      -3.863067634876649e-13
    ],
    [
      1.0097404060648853e-15,
      -0.6944444444444448,
      -2.0910389305489607e-13
    ],
    [
      -9.527512824295229e-19,
      -1.8037820969818686e-19,
      1.0
    ]
  ],
  "img_points": [
    [
      0,
      0
    ],
    [
      1920,
      0
    ],
    [
      1920,
      1080
    ],
    [
      0,
      1080
    ]
  ],
  "img_post_cut2box": [
    [
      0.4617604617604626,
      7.257255472297493e-16,
      -2.9409829606363846e-13
    ],
    [
      1.374570360760199e-16,
      0.480000000000002,
      -1.692141435652439e-13
    ],
    [
      4.945516427059071e-19,
      2.69764794256739e-18,
      1.0
    ]
  ],
  "img_post_cut2img": [
    [
      1.3852813852813861,
      -1.3886596950465901e-16,
      -6.9779251821167065e-15
    ],
    [
      -3.5919999139271026e-16,
      1.0800000000000007,
      -5.4756546519207916e-15
    ],
    [
      3.4695718562261097e-19,
      1.3146826084884516e-19,
      1.0
    ]
  ],
  "img_post_cut2img_pre_cut": [
    [
      0.9918015860991403,
      -0.0008069786646248966,
      272.0
    ],
    [
      0.0033131250734058926,
      0.9849085596744889,
      54.00000000000007
    ],
    [
      7.364175644883667e-06,
      -2.966833325826487e-06,
      1.0
    ]
  ],
  "img_post_cut2model": [
    [
      0.5772005772005766,
      -4.996003610813204e-16,
      -400.0000000000001
    ],
    [
      8.326672684688674e-17,
      -0.6000000000000011,
      300.00000000000017
    ],
    [
      -8.673617379884035e-19,
      5.421010862427522e-19,
      1.0
    ]
  ],
  "img_post_cut2tygron_export": [
    [
      0.7215007215007218,
      -2.514972110504842e-16,
      -2.7075997693915e-13
    ],
    [
      1.4638071875775708e-15,
      -0.7500000000000012,
      1.644611096612847e-13
    ],
    [
      -2.5945243695761697e-19,
      4.425836071319569e-19,
      1.0
    ]
  ],
  "img_post_cut2tygron_update": [
    [
      0.7215007215007218,
      -2.514972110504842e-16,
      -2.7075997693915e-13
    ],
    [
      1.4638071875775708e-15,
      -0.7500000000000012,
      1.644611096612847e-13
    ],
    [
      -2.5945243695761697e-19,
      4.425836071319569e-19,
      1.0
    ]
  ],
  "img_post_cut_points": [
    [
      0,
      0
    ],
    [
      1386,
      0
    ],
    [
      1386,
      1000
    ],
    [
      0,
      1000
    ]
  ],
  "img_pre_cut2box": [
    [
      0.46565191657881944,
      -1.0200174038743626e-15,
      -126.65732130943913
    ],
    [
      -0.0014326046760819583,
      0.48636928752962116,
      -25.874273054705412
    ],
    [
      -7.435091523396391e-06,
      3.0062012727114743e-06,
      1.0
    ]
  ],
  "img_pre_cut2img": [
    [
      1.396955749736457,
      -6.661338147750939e-16,
      -379.9719639283156
    ],
    [
      -0.0032233605211830774,
      1.0943308969416448,
      -58.21711437308727
    ],
    [
      -7.435091523395415e-06,
      3.006201272710661e-06,
      1.0
    ]
  ],
  "img_pre_cut2img_post_cut": [
    [
      1.0084274318410054,
      2.7755575615628914e-16,
      -274.2922614607536
    ],
    [
      -0.0029845930751696975,
      1.0132693490200415,
      -53.90473553063629
    ],
    [
      -7.4350915233957135e-06,
      3.0062012727106205e-06,
      1.0
    ]
  ],
  "img_pre_cut2model": [
    [
      0.5850389323328821,
      -0.0012024805090843776,
      -558.3216516367983
    ],
    [
      -0.0004397716119166617,
      -0.6070597490302112,
      332.34284131838155
    ],
    [
      -7.435091523396906e-06,
      3.006201272710905e-06,
      1.0
    ]
  ],
  "img_pre_cut2tygron_export": [
    [
      0.7275811196544067,
      1.6653345369377348e-16,
      -197.90206454599866
    ],
    [
      0.0022384448063775125,
      -0.759952011765033,
      40.4285516479774
    ],
    [
      -7.4350915233944396e-06,
      3.0062012727110135e-06,
      1.0
    ]
  ],
  "img_pre_cut2tygron_update": [
    [
      0.7275811196544067,
      1.6653345369377348e-16,
      -197.90206454599866
    ],
    [
      0.0022384448063775125,
      -0.759952011765033,
      40.4285516479774
    ],
    [
      -7.4350915233944396e-06,
      3.0062012727110135e-06,
      1.0
    ]
  ],
  "img_pre_cut_points": [
    [
      272.0,
      54.0
    ],
    [
      1630.0,
      58.0
    ],
    [
      1634.0,
      1036.0
    ],
    [
      272.0,
      1042.0
    ]
  ],