{
  "box": [
    [
      0,
      0
    ],
    [
      640,
      0
    ],
    [
      640,
      480
    ],
    [
      0,
      480
    ]
  ],
  "box2img": [
    [
      3.0000000000000018,
      2.2376577587385205e-16,
      -6.62837840170738e-15
    ],
    [
      -8.589998287331091e-16,
      2.2500000000000013,
      -5.3099885599650065e-15
    ],
    [
      7.937856768630368e-19,
      4.227538131023763e-19,
      1.0
    ]
  ],
  "box2img_post_cut": [
    [
      2.1656250000000017,
      3.691606753359472e-16,
      -7.662360329563356e-14
    ],
    [
      -8.973416221235223e-16,
      2.0833333333333357,
      -4.918461471437041e-14
    ],
    [
      2.6674424085242505e-19,
      1.9092982898948985e-20,
      1.0
    ]
  ],
  "box2img_pre_cut": [
    [
      2.126967220790508,
      0.010876584459561467,
      258.0
    ],
    [
      -0.009198536903299193,
      2.039413462787051,
      62.00000000000003
    ],
    [
      3.1511267268000717e-06,
      -6.149301289542656e-06,
      1.0
    ]
  ],
  "box2model": [
    [
      1.25,
      2.220446049250313e-16,
      -400.0000000000005
    ],
    [
      6.106226635438361e-16,
      -1.250000000000002,
      299.99999999999983
    ],
    [
      -1.3010426069826053e-18,
      2.2768245622195593e-18,
      1.0
    ]
  ],
  "box2tygron_export": [
    [
      1.562500000000003,
      -5.500886069353603e-16,
      -2.368695517507291e-13
    ],
    [
      2.6535102782589137e-15,
      -1.5625000000000027,
      1.4931285374775172e-13
    ],
    [
      -3.813401885542964e-19,
      4.633865791522061e-19,
      1.0
    ]
  ],
  "box2tygron_update": [
    [
      1.562500000000003,
      -5.500886069353603e-16,
      -2.368695517507291e-13
    ],
    [
      2.6535102782589137e-15,
      -1.5625000000000027,
      1.4931285374775172e-13
    ],
    [
      -3.813401885542964e-19,
      4.633865791522061e-19,
      1.0
    ]
  ],
  "img2box": [
    [
      0.3333333333333341,
      9.927795771477428e-16,
      -4.782775737954825e-13
    ],
    [
      5.0268281985549725e-17,
      0.4444444444444464,
      -1.9122951919886555e-13
    ],
    [
      5.943861387864634e-19,
      2.5428226861594615e-18,
      1.0
    ]
  ],
  "img2img_post_cut": [
    [
      0.7218750000000003,
      2.5898074713947596e-16,
      -3.3873836895181864e-13
    ],
    [
      -2.0234378324219876e-16,
      0.9259259259259283,
      -1.5064316981339143e-13
    ],
    [
      2.729509905787167e-20,
      4.394052690257984e-19,
      1.0
    ]
  ],
  "img2img_pre_cut": [
    [
      0.7089890735968354,
      0.004834037537583047,
      258.0
    ],
    [
      -0.0030661789677666196,
      0.9064059834609123,
      61.999999999999915
    ],
    [
      1.0503755755993463e-06,
      -2.733022795352129e-06,
      1.0
    ]
  ],
  "img2model": [
    [
      0.4166666666666669,
      3.3306690738754696e-16,
      -400.00000000000017
    ],
    [
      -1.249000902703301e-16,
      -0.5555555555555565,
      300.0000000000005
    ],
    [
      3.2526065174565133e-19,
      -7.047314121155779e-19,
      1.0
    ]
  ],
  "img2tygron_export": [
    [
      0.5208333333333335,
      -9.091816604184797e-16,
      -3.863067634876649e-13
    ],
    [
      1.0097404060648853e-15,
      -0.6944444444444448,
      -2.0910389305489607e-13
    ],
    [
      -9.527512824295229e-19,
      -1.8037820969818686e-19,
      1.0
    ]
  ],
  "img2tygron_update": [
    [
      0.5208333333333335,
      -9.091816604184797e-16,
      -3.863067634876649e-13
    ],
    [
      1.0097404060648853e-15,
      -0.6944444444444448,
      -2.0910389305489607e-13
    ],
    [
      -9.527512824295229e-19,
      -1.8037820969818686e-19,
      1.0
    ]
  ],
  "img_points": [
    [
      0,
      0
    ],
    [
      1920,
      0
    ],
    [
      1920,
      1080
    ],
    [
      0,
      1080
    ]
  ],
  "img_post_cut2box": [
    [
      0.4617604617604626,
      7.257255472297493e-16,
      -2.9409829606363846e-13
    ],
    [
      1.374570360760199e-16,
      0.480000000000002,
      -1.692141435652439e-13
    ],
    [
      4.945516427059071e-19,
      2.69764794256739e-18,
      1.0
    ]
  ],
  "img_post_cut2img": [
    [
      1.3852813852813861,
      -1.3886596950465901e-16,
      -6.9779251821167065e-15
    ],
    [
      -3.5919999139271026e-16,
      1.0800000000000007,
      -5.4756546519207916e-15
    ],
    [
      3.4695718562261097e-19,
      1.3146826084884516e-19,
      1.0
    ]
  ],
  "img_post_cut2img_pre_cut": [
    [
      0.9821493660215903,
      0.005220760540588898,
      258.0
    ],
    [
      -0.004247520647988501,
      0.9789184621377844,
      61.99999999999997
    ],
    [
      1.4550657324323608e-06,
      -2.9516646189807738e-06,
      1.0
    ]
  ],
  "img_post_cut2model": [
    [
      0.5772005772005766,
      -4.996003610813204e-16,
      -400.0000000000001
    ],
    [
      8.326672684688674e-17,
      -0.6000000000000011,
      300.00000000000017
    ],
    [
      -8.673617379884035e-19,
      5.421010862427522e-19,
      1.0
    ]
  ],
  "img_post_cut2tygron_export": [
    [
      0.7215007215007218,
      -2.514972110504842e-16,
      -2.7075997693915e-13
    ],
    [
      1.4638071875775708e-15,
      -0.7500000000000012,
      1.644611096612847e-13
    ],
    [
      -2.5945243695761697e-19,
      4.425836071319569e-19,
      1.0
    ]
  ],
  "img_post_cut2tygron_update": [
    [
      0.7215007215007218,
      -2.514972110504842e-16,
      -2.7075997693915e-13
    ],
    [
      1.4638071875775708e-15,
      -0.7500000000000012,
      1.644611096612847e-13
    ],
    [
      -2.5945243695761697e-19,
      4.425836071319569e-19,
      1.0
    ]
  ],
  "img_post_cut_points": [
    [
      0,
      0
    ],
    [
      1386,
      0
    ],
    [
      1386,
      1000
    ],
    [
      0,
      1000
    ]
  ],
  "img_pre_cut2box": [
    [
      0.47023003747362563,
      -0.0028730959519783356,
      -121.1412177191729
    ],
    [
      0.0021655596446983755,
      0.4901383329169125,
      -30.947291029180988
    ],
    [
      -1.4684377601117363e-06,
      3.023061772103086e-06,
      1.0
    ]
  ],
  "img_pre_cut2img": [
    [
      1.4106901124208746,
      -0.008619287855931551,
      -363.42365315751806
    ],
    [
      0.004872509200572833,
      1.1028112490630508,
      -69.63140481565713
    ],
    [
      -1.4684377601110045e-06,
      3.0230617721034656e-06,
      1.0
    ]
  ],
  "img_pre_cut2img_post_cut": [
    [
      1.0183419249038206,
      -0.006222048421001103,
      -262.34644962308363
    ],
    [
      0.004511582593123203,
      1.0211215269102323,
      -64.47352297746036
    ],
    [
      -1.4684377601104895e-06,
      3.023061772102815e-06,
      1.0
    ]
  ],
  "img_pre_cut2model": [
    [
      0.5883749219460759,
      -0.004800594648812884,
      -551.4265221489658
    ],
    [
      -0.003147480883907025,
      -0.611765997614508,
      338.6841137864763
    ],
    [
      -1.4684377601118176e-06,
      3.0230617721031675e-06,
      1.0
    ]
  ],
  "img_pre_cut2tygron_export": [
    [
      0.7347344335525403,
      -0.004489212424964653,
      -189.2831526862075
    ],
    [
      -0.0033836869448420487,
      -0.7658411451826753,
      48.35514223309533
    ],
    [
      -1.4684377601103268e-06,
      3.0230617721031133e-06,
      1.0
    ]
  ],
  "img_pre_cut2tygron_update": [
    [
      0.7347344335525403,
      -0.004489212424964653,
      -189.2831526862075
    ],
    [
      -0.0033836869448420487,
      -0.7658411451826753,
      48.35514223309533
    ],
    [
      -1.4684377601103268e-06,
      3.0230617721031133e-06,
      1.0
    ]
  ],
  "img_pre_cut_points": [
    [
      258.0,
      62.0
    ],
    [
      1616.0,
      56.0
    ],
    [
      1626.0,
      1036.0
    ],
    [
      264.0,
      1044.0
    ]
  ],