{
  "box": [
    [
      0,
      0
    ],
    [
      640,
      0
    ],
    [
      640,
      480
    ],
    [
      0,
      480
    ]
  ],
  "box2img": [
    [
      3.0000000000000018,
      2.2376577587385205e-16,
      -6.62837840170738e-15
    ],
    [
      -8.589998287331091e-16,
      2.2500000000000013,
      -5.3099885599650065e-15
    ],
    [
      7.937856768630368e-19,
      4.227538131023763e-19,
      1.0
    ]
  ],
  "box2img_post_cut": [
    [
      2.1656250000000017,
      3.691606753359472e-16,
      -7.662360329563356e-14
    ],
    [
      -8.973416221235223e-16,
      2.0833333333333357,
      -4.918461471437041e-14
    ],
    [
      2.6674424085242505e-19,
      1.9092982898948985e-20,
      1.0
    ]
  ],
  "box2img_pre_cut": [
    [
      2.1257161277171863,
      0.004309177226236083,
      257.99999999999994
    ],
    [
      -0.008974359693611822,
      2.0338112193248863,
      70.0
    ],
    [
      6.260004787336229e-06,
      -1.5359374454566963e-05,
      1.0
    ]
  ],
  "box2model": [
    [
      1.25,
      2.220446049250313e-16,
      -400.0000000000005
    ],
    [
      6.106226635438361e-16,
      -1.250000000000002,
      299.99999999999983
    ],
    [
      -1.3010426069826053e-18,
      2.2768245622195593e-18,
      1.0
    ]
  ],
  "box2tygron_export": [
    [
      1.562500000000003,
      -5.500886069353603e-16,
      -2.368695517507291e-13
    ],
    [
      2.6535102782589137e-15,
      -1.5625000000000027,
      1.4931285374775172e-13
    ],
    [
      -3.813401885542964e-19,
      4.633865791522061e-19,
      1.0
    ]
  ],
  "box2tygron_update": [
    [
      1.562500000000003,
      -5.500886069353603e-16,
      -2.368695517507291e-13
    ],
    [
      2.6535102782589137e-15,
      -1.5625000000000027,
      1.4931285374775172e-13
    ],
    [
      -3.813401885542964e-19,
      4.633865791522061e-19,
      1.0
    ]
  ],
  "img2box": [
    [
      0.3333333333333341,
      9.927795771477428e-16,
      -4.782775737954825e-13
    ],
    [
      5.0268281985549725e-17,
      0.4444444444444464,
      -1.9122951919886555e-13
    ],
    [
      5.943861387864634e-19,
      2.5428226861594615e-18,
      1.0
    ]
  ],
  "img2img_post_cut": [
    [
      0.7218750000000003,
      2.5898074713947596e-16,
      -3.3873836895181864e-13
    ],
    [
      -2.0234378324219876e-16,
      0.9259259259259283,
      -1.5064316981339143e-13
    ],
    [
      2.729509905787167e-20,
      4.394052690257984e-19,
      1.0
    ]
  ],
  "img2img_pre_cut": [
    [
      0.7085720425723966,
      0.001915189878327006,
      257.9999999999999
    ],
    [
      -0.0029914532312036862,
      0.9039160974777276,
      70.0
    ],
    [
      2.0866682624459156e-06,
      -6.826388646474966e-06,
      1.0
    ]
  ],
  "img2model": [
    [
      0.4166666666666669,
      3.3306690738754696e-16,
      -400.00000000000017
    ],
    [
      -1.249000902703301e-16,
      -0.5555555555555565,
      300.0000000000005
    ],
    [
      3.2526065174565133e-19,
      -7.047314121155779e-19,
      1.0
    ]
  ],
  "img2tygron_export": [
    [
      0.5208333333333335,
      -9.091816604184797e-16,
      -3.863067634876649e-13
    ],
    [
      1.0097404060648853e-15,
      -0.6944444444444448,
      -2.0910389305489607e-13
    ],
    [
      -9.527512824295229e-19,
      -1.8037820969818686e-19,
      1.0
    ]
  ],
  "img2tygron_update": [
    [
      0.5208333333333335,
      -9.091816604184797e-16,
      -3.863067634876649e-13
    ],
    [
      1.0097404060648853e-15,
      -0.6944444444444448,
      -2.0910389305489607e-13
    ],
    [
      -9.527512824295229e-19,
      -1.8037820969818686e-19,
      1.0
    ]
  ],
  "img_points": [
    [
      0,
      0
    ],
    [
      1920,
      0
    ],
    [
      1920,
      1080
    ],
    [
      0,
      1080
    ]
  ],
  "img_post_cut2box": [
    [
      0.4617604617604626,
      7.257255472297493e-16,
      -2.9409829606363846e-13
    ],
    [
      1.374570360760199e-16,
      0.480000000000002,
      -1.692141435652439e-13
    ],
    [
      4.945516427059071e-19,
      2.69764794256739e-18,
      1.0
    ]
  ],
  "img_post_cut2img": [
    [
      1.3852813852813861,
      -1.3886596950465901e-16,
      -6.9779251821167065e-15
    ],
    [
      -3.5919999139271026e-16,
      1.0800000000000007,
      -5.4756546519207916e-15
    ],
    [
      3.4695718562261097e-19,
      1.3146826084884516e-19,
      1.0
    ]
  ],
  "img_post_cut2img_pre_cut": [
    [
      0.9815716607063488,
      0.0020684050685933764,
      257.9999999999999
    ],
    [
      -0.0041440044761261036,
      0.9762293852759446,
      69.99999999999999
    ],
    [
      2.8906227012232618e-06,
      -7.372499738192976e-06,
      1.0
    ]
  ],
  "img_post_cut2model": [
    [
      0.5772005772005766,
      -4.996003610813204e-16,
      -400.0000000000001
    ],
    [
      8.326672684688674e-17,
      -0.6000000000000011,
      300.00000000000017
    ],
    [
      -8.673617379884035e-19,
      5.421010862427522e-19,
      1.0
    ]
  ],
  "img_post_cut2tygron_export": [
    [
      0.7215007215007218,
      -2.514972110504842e-16,
      -2.7075997693915e-13
    ],
    [
      1.4638071875775708e-15,
      -0.7500000000000012,
      1.644611096612847e-13
    ],
    [
      -2.5945243695761697e-19,
      4.425836071319569e-19,
      1.0
    ]
  ],
  "img_post_cut2tygron_update": [
    [
      0.7215007215007218,
      -2.514972110504842e-16,
      -2.7075997693915e-13
    ],
    [
      1.4638071875775708e-15,
      -0.7500000000000012,
      1.644611096612847e-13
    ],
    [
      -2.5945243695761697e-19,
      4.425836071319569e-19,
      1.0
    ]
  ],
  "img_post_cut_points": [
    [
      0,
      0
    ],
    [
      1386,
      0
    ],
    [
      1386,
      1000
    ],
    [
      0,
      1000
    ]
  ],
  "img_pre_cut2box": [
    [
      0.47067417816463086,
      -0.0019133096673368752,
      -121.30000628976138
    ],
    [
      0.002177148075294899,
      0.4913097489917031,
      -34.95338663284546
    ],
    [
      -2.912982976055955e-06,
      7.558187735620274e-06,
      1.0
    ]
  ],
  "img_pre_cut2img": [
    [
      1.4120225344938917,
      -0.005739929002007871,
      -363.9000188692836
    ],
    [
      0.004898583169415188,
      1.1054469352313296,
      -78.64511992390237
    ],
    [
      -2.912982976054925e-06,
      7.558187735619854e-06,
      1.0
    ]
  ],
  "img_pre_cut2img_post_cut": [
    [
      1.0193037670877794,
      -0.004143511248324738,
      -262.6903261212645
    ],
    [
      0.004535725156865789,
      1.0235619770660467,
      -72.8195554850947
    ],
    [
      -2.9129829760553587e-06,
      7.558187735620016e-06,
      1.0
    ]
  ],
  "img_pre_cut2model": [
    [
      0.5895079158962104,
      -0.005414912178418246,
      -551.6250078622015
    ],
    [
      -0.003595329986935611,
      -0.6118697299189414,
      343.69173329105666
    ],
    [
      -2.9129829760553587e-06,
      7.558187735620247e-06,
      1.0
    ]
  ],
  "img_pre_cut2tygron_export": [
    [
      0.7354284033822371,
      -0.0029895463552122165,
      -189.5312598277524
    ],
    [
      -0.0034017938676489667,
      -0.7676714827995362,
      54.61466661382129
    ],
    [
      -2.9129829760543016e-06,
      7.558187735620491e-06,
      1.0
    ]
  ],
  "img_pre_cut2tygron_update": [
    [
      0.7354284033822371,
      -0.0029895463552122165,
      -189.5312598277524
    ],
    [
      -0.0034017938676489667,
      -0.7676714827995362,
      54.61466661382129
    ],
    [
      -2.9129829760543016e-06,
      7.558187735620491e-06,
      1.0
    ]
  ],
  "img_pre_cut_points": [
    [
      258.0,
      70.0
    ],
    [
      1612.0,
      64.0
    ],
    [
      1626.0,
      1044.0
    ],
    [
      262.0,
      1054.0
    ]
  ],