{
  "box": [
    [
      0,
      0
    ],
    [
      640,
      0
    ],
    [
      640,
      480
    ],
    [
      0,
      480
    ]
  ],
  "box2img": [
    [
      3.0000000000000018,
      2.2376577587385205e-16,
      -6.62837840170738e-15
    ],
    [
      -8.589998287331091e-16,
      2.2500000000000013,
      -5.3099885599650065e-15
    ],
    [
      7.937856768630368e-19,
      4.227538131023763e-19,
      1.0
    ]
  ],
  "box2img_post_cut": [
    [
      2.1656250000000017,
      3.691606753359472e-16,
      -7.662360329563356e-14
    ],
    [
      -8.973416221235223e-16,
      2.0833333333333357,
      -4.918461471437041e-14
    ],
    [
      2.6674424085242505e-19,
      1.9092982898948985e-20,
      1.0
    ]
  ],
  "box2img_pre_cut": [
    [
      2.1341257818608286,
      0.006720745373990866,
      256.0
    ],
    [
      -0.005696777079449045,
      2.043512434594336,
      62.00000000000004
    ],
    [
      9.538326216395059e-06,
      -6.202261382087299e-06,
      1.0
    ]
  ],
  "box2model": [
    [
      1.25,
      2.220446049250313e-16,
      -400.0000000000005
    ],
    [
      6.106226635438361e-16,
      -1.250000000000002,
      299.99999999999983
    ],
    [
      -1.3010426069826053e-18,
      2.2768245622195593e-18,
      1.0
    ]
  ],
  "box2tygron_export": [
    [
      1.562500000000003,
      -5.500886069353603e-16,
      -2.368695517507291e-13
    ],
    [
      2.6535102782589137e-15,
      -1.5625000000000027,
      1.4931285374775172e-13
    ],
    [
      -3.813401885542964e-19,
      4.633865791522061e-19,
      1.0
    ]
  ],
  "box2tygron_update": [
    [
      1.562500000000003,
      -5.500886069353603e-16,
      -2.368695517507291e-13
    ],
    [
      2.6535102782589137e-15,
      -1.5625000000000027,
      1.4931285374775172e-13
    ],
    [
      -3.813401885542964e-19,
      4.633865791522061e-19,
      1.0
    ]
  ],
  "img2box": [
    [
      0.3333333333333341,
      9.927795771477428e-16,
      -4.782775737954825e-13
    ],
    [
      5.0268281985549725e-17,
      0.4444444444444464,
      -1.9122951919886555e-13
    ],
    [
      5.943861387864634e-19,
      2.5428226861594615e-18,
      1.0
    ]
  ],
  "img2img_post_cut": [
    [
      0.7218750000000003,
      2.5898074713947596e-16,
      -3.3873836895181864e-13
    ],
    [
      -2.0234378324219876e-16,
      0.9259259259259283,
      -1.5064316981339143e-13
    ],
    [
      2.729509905787167e-20,
      4.394052690257984e-19,
      1.0
    ]
  ],
  "img2img_pre_cut": [
    [
      0.7113752606202766,
      0.002986997943995706,
      255.99999999999991
    ],
    [
      -0.001898925693150047,
      0.9082277487085935,
      61.99999999999986
    ],
    [
      3.1794420721315507e-06,
      -2.7565606142620157e-06,
      1.0
    ]
  ],
  "img2model": [
    [
      0.4166666666666669,
      3.3306690738754696e-16,
      -400.00000000000017
    ],
    [
      -1.249000902703301e-16,
      -0.5555555555555565,
      300.0000000000005
    ],
    [
      3.2526065174565133e-19,
      -7.047314121155779e-19,
      1.0
    ]
  ],
  "img2tygron_export": [
    [
      0.5208333333333335,
      -9.091816604184797e-16,
      -3.863067634876649e-13
    ],
    [
      1.0097404060648853e-15,
      -0.6944444444444448,
      -2.0910389305489607e-13
    ],
    [
      -9.527512824295229e-19,
      -1.8037820969818686e-19,
      1.0
    ]
  ],
  "img2tygron_update": [
    [
      0.5208333333333335,
      -9.091816604184797e-16,
      -3.863067634876649e-13
    ],
    [
      1.0097404060648853e-15,
      -0.6944444444444448,
      -2.0910389305489607e-13
    ],
    [
      -9.527512824295229e-19,
      -1.8037820969818686e-19,
      1.0
    ]
  ],
  "img_points": [
    [
      0,
      0
    ],
    [
      1920,
      0
    ],
    [
      1920,
      1080
    ],
    [
      0,
      1080
    ]
  ],
  "img_post_cut2box": [
    [
      0.4617604617604626,
      7.257255472297493e-16,
      -2.9409829606363846e-13
    ],
    [
      1.374570360760199e-16,
      0.480000000000002,
      -1.692141435652439e-13
    ],
    [
      4.945516427059071e-19,
      2.69764794256739e-18,
      1.0
    ]
  ],
  "img_post_cut2img": [
    [
      1.3852813852813861,
      -1.3886596950465901e-16,
      -6.9779251821167065e-15
    ],
    [
      -3.5919999139271026e-16,
      1.0800000000000007,
      -5.4756546519207916e-15
    ],
    [
      3.4695718562261097e-19,
      1.3146826084884516e-19,
      1.0
    ]
  ],
  "img_post_cut2img_pre_cut": [
    [
      0.9854549064869629,
      0.003225957779515287,
      256.0
    ],
    [
      -0.002630546414753146,
      0.9808859686052802,
      61.99999999999993
    ],
    [
      4.404421918104357e-06,
      -2.9770854634034394e-06,
      1.0
    ]
  ],
  "img_post_cut2model": [
    [
      0.5772005772005766,
      -4.996003610813204e-16,
      -400.0000000000001
    ],
    [
      8.326672684688674e-17,
      -0.6000000000000011,
      300.00000000000017
    ],
    [
      -8.673617379884035e-19,
      5.421010862427522e-19,
      1.0
    ]
  ],
  "img_post_cut2tygron_export": [
    [
      0.7215007215007218,
      -2.514972110504842e-16,
      -2.7075997693915e-13
    ],
    [
      1.4638071875775708e-15,
      -0.7500000000000012,
      1.644611096612847e-13
    ],
    [
      -2.5945243695761697e-19,
      4.425836071319569e-19,
      1.0
    ]
  ],
  "img_post_cut2tygron_update": [
    [
      0.7215007215007218,
      -2.514972110504842e-16,
      -2.7075997693915e-13
    ],
    [
      1.4638071875775708e-15,
      -0.7500000000000012,
      1.644611096612847e-13
    ],
    [
      -2.5945243695761697e-19,
      4.425836071319569e-19,
      1.0
    ]
  ],
  "img_post_cut_points": [
    [
      0,
      0
    ],
    [
      1386,
      0
    ],
    [
      1386,
      1000
    ],
    [
      0,
      1000
    ]
  ],
  "img_pre_cut2box": [
    [
      0.4686600030520663,
      -0.0019051219636272362,
      -119.8588432195843
    ],
    [
      0.0014418564063567313,
      0.48878932175519935,
      -30.674053188849832
    ],
    [
      -4.461289223380444e-06,
      3.0497708090707233e-06,
      1.0
    ]
  ],
  "img_pre_cut2img": [
    [
      1.4059800091561983,
      -0.005715365890879398,
      -359.5765296587519
    ],
    [
      0.00324417691430412,
      1.0997759739491968,
      -69.0166196749126
    ],
    [
      -4.461289223379794e-06,
      3.049770809070764e-06,
      1.0
    ]
  ],
  "img_pre_cut2img_post_cut": [
    [
      1.014941819109631,
      -0.004125779752478714,
      -259.5693073474119
    ],
    [
      0.0030038675132447457,
      1.0183110869899965,
      -63.90427747677043
    ],
    [
      -4.46128922337974e-06,
      3.0497708090702083e-06,
      1.0
    ]
  ],
  "img_pre_cut2model": [
    [
      0.5876095195044345,
      -0.003601310778161518,
      -549.8235540244801
    ],
    [
      -0.003140707274960519,
      -0.6100717209512766,
      338.34256648606254
    ],
    [
      -4.461289223380688e-06,
      3.0497708090708453e-06,
      1.0
    ]
  ],
  "img_pre_cut2tygron_export": [
    [
      0.7322812547688538,
      -0.002976753068166124,
      -187.2794425306005
    ],
    [
      -0.0022529006349330805,
      -0.7637333152424981,
      47.928208107577916
    ],
    [
      -4.461289223379306e-06,
      3.0497708090700864e-06,
      1.0
    ]
  ],
  "img_pre_cut2tygron_update": [
    [
      0.7322812547688538,
      -0.002976753068166124,
      -187.2794425306005
    ],
    [
      -0.0022529006349330805,
      -0.7637333152424981,
      47.928208107577916
    ],
    [
      -4.461289223379306e-06,
      3.0497708090700864e-06,
      1.0
    ]
  ],
  "img_pre_cut_points": [
    [
      256.0,
      62.0
    ],
    [
      1612.0,
      58.0
    ],
    [
      1620.0,
      1036.0
    ],
    [
      260.0,
      1046.0
    ]
  ],