{
  "box": [
    [
      0,
      0
    ],
    [
      640,
      0
    ],
    [
      640,
      480
    ],
    [
      0,
      480
    ]
  ],
  "box2img": [
    [
      3.0000000000000018,
      2.2376577587385205e-16,
      -6.62837840170738e-15
    ],
    [
      -8.589998287331091e-16,
      2.2500000000000013,
      -5.3099885599650065e-15
    ],
    [
      7.937856768630368e-19,
      4.227538131023763e-19,
      1.0
    ]
  ],
  "box2img_post_cut": [
    [
      2.1656250000000017,
      3.691606753359472e-16,
      -7.662360329563356e-14
    ],
    [
      -8.973416221235223e-16,
      2.0833333333333357,
      -4.918461471437041e-14
    ],
    [
      2.6674424085242505e-19,
      1.9092982898948985e-20,
      1.0
    ]
  ],
  "box2img_pre_cut": [
    [
      2.1437422635235857,
      0.009977908689248804,
      264.0
    ],
    [
      0.003682073360619098,
      2.056381934216986,
      55.99999999999996
    ],
    [
      9.604713114137156e-06,
      6.136475208641138e-06,
      1.0
    ]
  ],
  "box2model": [
    [
      1.25,
      2.220446049250313e-16,
      -400.0000000000005
    ],
    [
      6.106226635438361e-16,
      -1.250000000000002,
      299.99999999999983
    ],
    [
      -1.3010426069826053e-18,
      2.2768245622195593e-18,
      1.0
    ]
  ],
  "box2tygron_export": [
    [
      1.562500000000003,
      -5.500886069353603e-16,
      -2.368695517507291e-13
    ],
    [
      2.6535102782589137e-15,
      -1.5625000000000027,
      1.4931285374775172e-13
    ],
    [
      -3.813401885542964e-19,
      4.633865791522061e-19,
      1.0
    ]
  ],
  "box2tygron_update": [
    [
      1.562500000000003,
      -5.500886069353603e-16,
      -2.368695517507291e-13
    ],
    [
      2.6535102782589137e-15,
      -1.5625000000000027,
      1.4931285374775172e-13
    ],
    [
      -3.813401885542964e-19,
      4.633865791522061e-19,
      1.0
    ]
  ],
  "img2box": [
    [
      0.3333333333333341,
      9.927795771477428e-16,
      -4.782775737954825e-13
    ],
    [
      5.0268281985549725e-17,
      0.4444444444444464,
      -1.9122951919886555e-13
    ],
    [
      5.943861387864634e-19,
      2.5428226861594615e-18,
      1.0
    ]
  ],
  "img2img_post_cut": [
    [
      0.7218750000000003,
      2.5898074713947596e-16,
      -3.3873836895181864e-13
    ],
    [
      -2.0234378324219876e-16,
      0.9259259259259283,
      -1.5064316981339143e-13
    ],
    [
      2.729509905787167e-20,
      4.394052690257984e-19,
      1.0
    ]
  ],
  "img2img_pre_cut": [
    [
      0.7145807545078622,
      0.004434626084111076,
      263.99999999999994
    ],
    [
      0.001227357786873065,
      0.9139475263186614,
      55.999999999999886
    ],
    [
      3.2015710380455832e-06,
      2.7273223149514242e-06,
      1.0
    ]
  ],
  "img2model": [
    [
      0.4166666666666669,
      3.3306690738754696e-16,
      -400.00000000000017
    ],
    [
      -1.249000902703301e-16,
      -0.5555555555555565,
      300.0000000000005
    ],
    [
      3.2526065174565133e-19,
      -7.047314121155779e-19,
      1.0
    ]
  ],
  "img2tygron_export": [
    [
      0.5208333333333335,
      -9.091816604184797e-16,
      -3.863067634876649e-13
    ],
    [
      1.0097404060648853e-15,
      -0.6944444444444448,
      -2.0910389305489607e-13
    ],
    [
      -9.527512824295229e-19,
      -1.8037820969818686e-19,
      1.0
    ]
  ],
  "img2tygron_update": [
    [
      0.5208333333333335,
      -9.091816604184797e-16,
      -3.863067634876649e-13
    ],
    [
      1.0097404060648853e-15,
      -0.6944444444444448,
      -2.0910389305489607e-13
    ],
    [
      -9.527512824295229e-19,
      -1.8037820969818686e-19,
      1.0
    ]
  ],
  "img_points": [
    [
      0,
      0
    ],
    [
      1920,
      0
    ],
    [
      1920,
      1080
    ],
    [
      0,
      1080
    ]
  ],
  "img_post_cut2box": [
    [
      0.4617604617604626,
      7.257255472297493e-16,
      -2.9409829606363846e-13
    ],
    [
      1.374570360760199e-16,
      0.480000000000002,
      -1.692141435652439e-13
    ],
    [
      4.945516427059071e-19,
      2.69764794256739e-18,
      1.0
    ]
  ],
  "img_post_cut2img": [
    [
      1.3852813852813861,
      -1.3886596950465901e-16,
      -6.9779251821167065e-15
    ],
    [
      -3.5919999139271026e-16,
      1.0800000000000007,
      -5.4756546519207916e-15
    ],
    [
      3.4695718562261097e-19,
      1.3146826084884516e-19,
      1.0
    ]
  ],
  "img_post_cut2img_pre_cut": [
    [
      0.9898954175000676,
      0.004789396170838844,
      263.9999999999999
    ],
    [
      0.0017002358952352692,
      0.9870633284241526,
      55.999999999999986
    ],
    [
      4.435076762660119e-06,
      2.945508100146463e-06,
      1.0
    ]
  ],
  "img_post_cut2model": [
    [
      0.5772005772005766,
      -4.996003610813204e-16,
      -400.0000000000001
    ],
    [
      8.326672684688674e-17,
      -0.6000000000000011,
      300.00000000000017
    ],
    [
      -8.673617379884035e-19,
      5.421010862427522e-19,
      1.0
    ]
  ],
  "img_post_cut2tygron_export": [
    [
      0.7215007215007218,
      -2.514972110504842e-16,
      -2.7075997693915e-13
    ],
    [
      1.4638071875775708e-15,
      -0.7500000000000012,
      1.644611096612847e-13
    ],
    [
      -2.5945243695761697e-19,
      4.425836071319569e-19,
      1.0
    ]
  ],
  "img_post_cut2tygron_update": [
    [
      0.7215007215007218,
      -2.514972110504842e-16,
      -2.7075997693915e-13
    ],
    [
      1.4638071875775708e-15,
      -0.7500000000000012,
      1.644611096612847e-13
    ],
    [
      -2.5945243695761697e-19,
      4.425836071319569e-19,
      1.0
    ]
  ],
  "img_post_cut_points": [
    [
      0,
      0
    ],
    [
      1386,
      0
    ],
    [
      1386,
      1000
    ],
    [
      0,
      1000
    ]
  ],
  "img_pre_cut2box": [
    [
      0.4663999210283858,
      -0.0018959346383276635,
      -123.02340681174778
    ],
    [
      -0.0007132449984410053,
      0.4857198439379622,
      -27.012014580937645
    ],
    [
      -4.475260627684216e-06,
      -2.9623978723853506e-06,
      1.0
    ]
  ],
  "img_pre_cut2img": [
    [
      1.3991997630851567,
      -0.005687803914979583,
      -369.0702204352424
    ],
    [
      -0.0016048012464916217,
      1.0928696488604133,
      -60.77703280710932
    ],
    [
      -4.475260627683132e-06,
      -2.9623978723847542e-06,
      1.0
    ]
  ],
  "img_pre_cut2img_post_cut": [
    [
      1.0100473289770986,
      -0.0041058834511264325,
      -266.42256537669095
    ],
    [
      -0.0014859270800841595,
      1.011916341537419,
      -56.27503037695338
    ],
    [
      -4.475260627683078e-06,
      -2.9623978723860553e-06,
      1.0
    ]
  ],
  "img_pre_cut2model": [
    [
      0.5847900055365549,
      -0.001184959148954251,
      -553.7792585146842
    ],
    [
      -0.0004510219402540788,
      -0.6080385242841665,
      333.7650182261721
    ],
    [
      -4.475260627684026e-06,
      -2.962397872385337e-06,
      1.0
    ]
  ],
  "img_pre_cut2tygron_export": [
    [
      0.7287498766068544,
      -0.002962397872385225,
      -192.22407314335604
    ],
    [
      0.0011144453100636748,
      -0.7589372561530654,
      42.20627278271518
    ],
    [
      -4.475260627681722e-06,
      -2.9623978723860824e-06,
      1.0
    ]
  ],
  "img_pre_cut2tygron_update": [
    [
      0.7287498766068544,
      -0.002962397872385225,
      -192.22407314335604
    ],
    [
      0.0011144453100636748,
      -0.7589372561530654,
      42.20627278271518
    ],
    [
      -4.475260627681722e-06,
      -2.9623978723860824e-06,
      1.0
    ]
  ],
  "img_pre_cut_points": [
    [
      264.0,
      56.0
    ],
    [
      1626.0,
      58.0
    ],
    [
      1626.0,
      1036.0
    ],
    [
      268.0,
      1040.0
    ]
  ],