{
  "box": [
    [
      0,
      0
    ],
    [
      640,
      0
    ],
    [
      640,
      480
    ],
    [
      0,
      480
    ]
  ],
  "box2img": [
    [
      3.0000000000000018,
      2.2376577587385205e-16,
      -6.62837840170738e-15
    ],
    [
      -8.589998287331091e-16,
      2.2500000000000013,
      -5.3099885599650065e-15
    ],
    [
      7.937856768630368e-19,
      4.227538131023763e-19,
      1.0
    ]
  ],
  "box2img_post_cut": [
    [
      2.1656250000000017,
      3.691606753359472e-16,
      -7.662360329563356e-14
    ],
    [
      -8.973416221235223e-16,
      2.0833333333333357,
      -4.918461471437041e-14
    ],
    [
      2.6674424085242505e-19,
      1.9092982898948985e-20,
      1.0
    ]
  ],
  "box2img_pre_cut": [
    [
      2.132176345326877,
      0.011671766303803177,
      260.0
    ],
    [
      -0.009031197374753053,
      2.0425888990798096,
      60.0
    ],
    [
      6.366715282371744e-06,
      -3.113660512018922e-06,
      1.0
    ]
  ],
  "box2model": [
    [
      1.25,
      2.220446049250313e-16,
      -400.0000000000005
    ],
    [
      6.106226635438361e-16,
      -1.250000000000002,
      299.99999999999983
    ],
    [
      -1.3010426069826053e-18,
      2.2768245622195593e-18,
      1.0
    ]
  ],
  "box2tygron_export": [
    [
      1.562500000000003,
      -5.500886069353603e-16,
      -2.368695517507291e-13
    ],
    [
      2.6535102782589137e-15,
      -1.5625000000000027,
      1.4931285374775172e-13
    ],
    [
      -3.813401885542964e-19,
      4.633865791522061e-19,
      1.0
    ]
  ],
  "box2tygron_update": [
    [
      1.562500000000003,
      -5.500886069353603e-16,
      -2.368695517507291e-13
    ],
    [
      2.6535102782589137e-15,
      -1.5625000000000027,
      1.4931285374775172e-13
    ],
    [
      -3.813401885542964e-19,
      4.633865791522061e-19,
      1.0
    ]
  ],
  "img2box": [
    [
      0.3333333333333341,
      9.927795771477428e-16,
      -4.782775737954825e-13
    ],
    [
      5.0268281985549725e-17,
      0.4444444444444464,
      -1.9122951919886555e-13
    ],
    [
      5.943861387864634e-19,
      2.5428226861594615e-18,
      1.0
    ]
  ],
  "img2img_post_cut": [
    [
      0.7218750000000003,
      2.5898074713947596e-16,
      -3.3873836895181864e-13
    ],
    [
      -2.0234378324219876e-16,
      0.9259259259259283,
      -1.5064316981339143e-13
    ],
    [
      2.729509905787167e-20,
      4.394052690257984e-19,
      1.0
    ]
  ],
  "img2img_pre_cut": [
    [
      0.7107254484422918,
      0.005187451690578854,
      259.99999999999983
    ],
    [
      -0.0030103991249174344,
      0.9078172884799149,
      59.999999999999986
    ],
    [
      2.122238427457266e-06,
      -1.383849116453321e-06,
      1.0
    ]
  ],
  "img2model": [
    [
      0.4166666666666669,
      3.3306690738754696e-16,
      -400.00000000000017
    ],
    [
      -1.249000902703301e-16,
      -0.5555555555555565,
      300.0000000000005
    ],
    [
      3.2526065174565133e-19,
      -7.047314121155779e-19,
      1.0
    ]
  ],
  "img2tygron_export": [
    [
      0.5208333333333335,
      -9.091816604184797e-16,
      -3.863067634876649e-13
    ],
    [
      1.0097404060648853e-15,
      -0.6944444444444448,
      -2.0910389305489607e-13
    ],
    [
      -9.527512824295229e-19,
      -1.8037820969818686e-19,
      1.0
    ]
  ],
  "img2tygron_update": [
    [
      0.5208333333333335,
      -9.091816604184797e-16,
      -3.863067634876649e-13
    ],
    [
      1.0097404060648853e-15,
      -0.6944444444444448,
      -2.0910389305489607e-13
    ],
    [
      -9.527512824295229e-19,
      -1.8037820969818686e-19,
      1.0
    ]
  ],
  "img_points": [
    [
      0,
      0
    ],
    [
      1920,
      0
    ],
    [
      1920,
      1080
    ],
    [
      0,
      1080
    ]
  ],
  "img_post_cut2box": [
    [
      0.4617604617604626,
      7.257255472297493e-16,
      -2.9409829606363846e-13
    ],
    [
      1.374570360760199e-16,
      0.480000000000002,
      -1.692141435652439e-13
    ],
    [
      4.945516427059071e-19,
      2.69764794256739e-18,
      1.0
    ]
  ],
  "img_post_cut2img": [
    [
      1.3852813852813861,
      -1.3886596950465901e-16,
      -6.9779251821167065e-15
    ],
    [
      -3.5919999139271026e-16,
      1.0800000000000007,
      -5.4756546519207916e-15
    ],
    [
      3.4695718562261097e-19,
      1.3146826084884516e-19,
      1.0
    ]
  ],
  "img_post_cut2img_pre_cut": [
    [
      0.9845547337728742,
      0.005602447825825474,
      259.9999999999999
    ],
    [
      -0.004170249870015186,
      0.9804426715583103,
      59.999999999999986
    ],
    [
      2.939897388686276e-06,
      -1.4945570457683681e-06,
      1.0
    ]
  ],
  "img_post_cut2model": [
    [
      0.5772005772005766,
      -4.996003610813204e-16,
      -400.0000000000001
    ],
    [
      8.326672684688674e-17,
      -0.6000000000000011,
      300.00000000000017
    ],
    [
      -8.673617379884035e-19,
      5.421010862427522e-19,
      1.0
    ]
  ],
  "img_post_cut2tygron_export": [
    [
      0.7215007215007218,
      -2.514972110504842e-16,
      -2.7075997693915e-13
    ],
    [
      1.4638071875775708e-15,
      -0.7500000000000012,
      1.644611096612847e-13
    ],
    [
      -2.5945243695761697e-19,
      4.425836071319569e-19,
      1.0
    ]
  ],
  "img_post_cut2tygron_update": [
    [
      0.7215007215007218,
      -2.514972110504842e-16,
      -2.7075997693915e-13
    ],
    [
      1.4638071875775708e-15,
      -0.7500000000000012,
      1.644611096612847e-13
    ],
    [
      -2.5945243695761697e-19,
      4.425836071319569e-19,
      1.0
    ]
  ],
  "img_post_cut_points": [
    [
      0,
      0
    ],
    [
      1386,
      0
    ],
    [
      1386,
      1000
    ],
    [
      0,
      1000
    ]
  ],
  "img_pre_cut2box": [
    [
      0.4690359028050247,
      -0.002865799813473645,
      -121.77738674049836
    ],
    [
      0.002161338054225914,
      0.48918284627330655,
      -29.91291867049727
    ],
    [
      -2.97948837741895e-06,
      1.5413950430673545e-06,
      1.0
    ]
  ],
  "img_pre_cut2img": [
    [
      1.4071077084150765,
      -0.008597399440417791,
      -365.3321602214945
    ],
    [
      0.0048630106220101665,
      1.1006614041149387,
      -67.30406700861923
    ],
    [
      -2.9794883774165103e-06,
      1.5413950430664193e-06,
      1.0
    ]
  ],
  "img_pre_cut2img_post_cut": [
    [
      1.0157558770121327,
      -0.0062062477210515915,
      -263.7241531598914
    ],
    [
      0.004502787612972112,
      1.0191309297360536,
      -62.318580563536116
    ],
    [
      -2.979488377417459e-06,
      1.541395043066582e-06,
      1.0
    ]
  ],
  "img_pre_cut2model": [
    [
      0.5874866738572487,
      -0.004198807784067685,
      -552.2217334256229
    ],
    [
      -0.003595519081008247,
      -0.611016139328712,
      337.3911483381216
    ],
    [
      -2.979488377417459e-06,
      1.5413950430666497e-06,
      1.0
    ]
  ],
  "img_pre_cut2tygron_export": [
    [
      0.7328685981328527,
      -0.004477812208550994,
      -190.27716678202867
    ],
    [
      -0.003377090709728442,
      -0.764348197302041,
      46.73893542265212
    ],
    [
      -2.9794883774167543e-06,
      1.5413950430659179e-06,
      1.0
    ]
  ],
  "img_pre_cut2tygron_update": [
    [
      0.7328685981328527,
      -0.004477812208550994,
      -190.27716678202867
    ],
    [
      -0.003377090709728442,
      -0.764348197302041,
      46.73893542265212
    ],
    [
      -2.9794883774167543e-06,
      1.5413950430659179e-06,
      1.0
    ]
  ],
  "img_pre_cut_points": [
    [
      260.0,
      60.0
    ],
    [
      1618.0,
      54.0
    ],
    [
      1626.0,
      1032.0
    ],
    [
      266.0,
      1042.0
    ]
  ],