{
  "box": [
    [
      0,
      0
    ],
    [
      640,
      0
    ],
    [
      640,
      480
    ],
    [
      0,
      480
    ]
  ],
  "box2img": [
    [
      3.0000000000000018,
      2.2376577587385205e-16,
      -6.62837840170738e-15
    ],
    [
      -8.589998287331091e-16,
      2.2500000000000013,
      -5.3099885599650065e-15
    ],
    [
      7.937856768630368e-19,
      4.227538131023763e-19,
      1.0
    ]
  ],
  "box2img_post_cut": [
    [
      2.1656250000000017,
      3.691606753359472e-16,
      -7.662360329563356e-14
    ],
    [
      -8.973416221235223e-16,
      2.0833333333333357,
      -4.918461471437041e-14
    ],
    [
      2.6674424085242505e-19,
      1.9092982898948985e-20,
      1.0
    ]
  ],
  "box2img_pre_cut": [
    [
      2.145797512129891,
      0.0049889543446242635,
      266.0
    ],
    [
      0.0069918546762191,
      2.0573576337751605,
      53.99999999999997
    ],
    [
      1.2790597865862115e-05,
      3.068237604321152e-06,
      1.0
    ]
  ],
  "box2model": [
    [
      1.25,
      2.220446049250313e-16,
      -400.0000000000005
    ],
    [
      6.106226635438361e-16,
      -1.250000000000002,
      299.99999999999983
    ],
    [
      -1.3010426069826053e-18,
      2.2768245622195593e-18,
      1.0
    ]
  ],
  "box2tygron_export": [
    [
      1.562500000000003,
      -5.500886069353603e-16,
      -2.368695517507291e-13
    ],
    [
      2.6535102782589137e-15,
      -1.5625000000000027,
      1.4931285374775172e-13
    ],
    [
      -3.813401885542964e-19,
      4.633865791522061e-19,
      1.0
    ]
  ],
  "box2tygron_update": [
    [
      1.562500000000003,
      -5.500886069353603e-16,
      -2.368695517507291e-13
    ],
    [
      2.6535102782589137e-15,
      -1.5625000000000027,
      1.4931285374775172e-13
    ],
    [
      -3.813401885542964e-19,
      4.633865791522061e-19,
      1.0
    ]
  ],
  "img2box": [
    [
      0.3333333333333341,
      9.927795771477428e-16,
      -4.782775737954825e-13
    ],
    [
      5.0268281985549725e-17,
      0.4444444444444464,
      -1.9122951919886555e-13
    ],
    [
      5.943861387864634e-19,
      2.5428226861594615e-18,
      1.0
    ]
  ],
  "img2img_post_cut": [
    [
      0.7218750000000003,
      2.5898074713947596e-16,
      -3.3873836895181864e-13
    ],
    [
      -2.0234378324219876e-16,
      0.9259259259259283,
      -1.5064316981339143e-13
    ],
    [
      2.729509905787167e-20,
      4.394052690257984e-19,
      1.0
    ]
  ],
  "img2img_pre_cut": [
    [
      0.7152658373766305,
      0.0022173130420557463,
      266.0
    ],
    [
      0.00233061822540645,
      0.9143811705667386,
      53.99999999999993
    ],
    [
      4.263532621953984e-06,
      1.3636611574757257e-06,
      1.0
    ]
  ],
  "img2model": [
    [
      0.4166666666666669,
      3.3306690738754696e-16,
      -400.00000000000017
    ],
    [
      -1.249000902703301e-16,
      -0.5555555555555565,
      300.0000000000005
    ],
    [
      3.2526065174565133e-19,
      -7.047314121155779e-19,
      1.0
    ]
  ],
  "img2tygron_export": [
    [
      0.5208333333333335,
      -9.091816604184797e-16,
      -3.863067634876649e-13
    ],
    [
      1.0097404060648853e-15,
      -0.6944444444444448,
      -2.0910389305489607e-13
    ],
    [
      -9.527512824295229e-19,
      -1.8037820969818686e-19,
      1.0
    ]
  ],
  "img2tygron_update": [
    [
      0.5208333333333335,
      -9.091816604184797e-16,
      -3.863067634876649e-13
    ],
    [
      1.0097404060648853e-15,
      -0.6944444444444448,
      -2.0910389305489607e-13
    ],
    [
      -9.527512824295229e-19,
      -1.8037820969818686e-19,
      1.0
    ]
  ],
  "img_points": [
    [
      0,
      0
    ],
    [
      1920,
      0
    ],
    [
      1920,
      1080
    ],
    [
      0,
      1080
    ]
  ],
  "img_post_cut2box": [
    [
      0.4617604617604626,
      7.257255472297493e-16,
      -2.9409829606363846e-13
    ],
    [
      1.374570360760199e-16,
      0.480000000000002,
      -1.692141435652439e-13
    ],
    [
      4.945516427059071e-19,
      2.69764794256739e-18,
      1.0
    ]
  ],
  "img_post_cut2img": [
    [
      1.3852813852813861,
      -1.3886596950465901e-16,
      -6.9779251821167065e-15
    ],
    [
      -3.5919999139271026e-16,
      1.0800000000000007,
      -5.4756546519207916e-15
    ],
    [
      3.4695718562261097e-19,
      1.3146826084884516e-19,
      1.0
    ]
  ],
  "img_post_cut2img_pre_cut": [
    [
      0.9908444500455476,
      0.002394698085419117,
      265.99999999999994
    ],
    [
      0.003228562043852981,
      0.987531664212076,
      53.99999999999994
    ],
    [
      5.90619237673216e-06,
      1.4727540500726556e-06,
      1.0
    ]
  ],
  "img_post_cut2model": [
    [
      0.5772005772005766,
      -4.996003610813204e-16,
      -400.0000000000001
    ],
    [
      8.326672684688674e-17,
      -0.6000000000000011,
      300.00000000000017
    ],
    [
      -8.673617379884035e-19,
      5.421010862427522e-19,
      1.0
    ]
  ],
  "img_post_cut2tygron_export": [
    [
      0.7215007215007218,
      -2.514972110504842e-16,
      -2.7075997693915e-13
    ],
    [
      1.4638071875775708e-15,
      -0.7500000000000012,
      1.644611096612847e-13
    ],
    [
      -2.5945243695761697e-19,
      4.425836071319569e-19,
      1.0
    ]
  ],
  "img_post_cut2tygron_update": [
    [
      0.7215007215007218,
      -2.514972110504842e-16,
      -2.7075997693915e-13
    ],
    [
      1.4638071875775708e-15,
      -0.7500000000000012,
      1.644611096612847e-13
    ],
    [
      -2.5945243695761697e-19,
      4.425836071319569e-19,
      1.0
    ]
  ],
  "img_post_cut_points": [
    [
      0,
      0
    ],
    [
      1386,
      0
    ],
    [
      1386,
      1000
    ],
    [
      0,
      1000
    ]
  ],
  "img_pre_cut2box": [
    [
      0.4659933485488158,
      -0.0009452197739336088,
      -123.90318884619286
    ],
    [
      -0.0014273338781322573,
      0.4852935185647153,
      -25.826179190911496
    ],
    [
      -5.955954129976612e-06,
      -1.4769058967698407e-06,
      1.0
    ]
  ],
  "img_pre_cut2img": [
    [
      1.397980045646448,
      -0.0028356593217978843,
      -371.70956653857814
    ],
    [
      -0.0032115012257961373,
      1.0919104167706082,
      -58.10890317955095
    ],
    [
      -5.955954129975799e-06,
      -1.476905896769773e-06,
      1.0
    ]
  ],
  "img_pre_cut2img_post_cut": [
    [
      1.00916684545103,
      -0.0020469915729231375,
      -268.3278433450363
    ],
    [
      -0.0029736122461070935,
      1.0110281636764888,
      -53.80453998106603
    ],
    [
      -5.955954129975447e-06,
      -1.476905896770559e-06,
      1.0
    ]
  ],
  "img_pre_cut2model": [
    [
      0.58487406733801,
      -0.0005907623587077804,
      -554.8789860577407
    ],
    [
      -2.6188913280073e-06,
      -0.607059969974924,
      332.2827239886394
    ],
    [
      -5.955954129976504e-06,
      -1.4769058967701253e-06,
      1.0
    ]
  ],
  "img_pre_cut2tygron_export": [
    [
      0.7281146071075264,
      -0.0014769058967698118,
      -193.59873257217632
    ],
    [
      0.0022302091845810557,
      -0.7582711227573679,
      40.353404985799585
    ],
    [
      -5.95595412997485e-06,
      -1.4769058967708572e-06,
      1.0
    ]
  ],
  "img_pre_cut2tygron_update": [
    [
      0.7281146071075264,
      -0.0014769058967698118,
      -193.59873257217632
    ],
    [
      0.0022302091845810557,
      -0.7582711227573679,
      40.353404985799585
    ],
    [
      -5.95595412997485e-06,
      -1.4769058967708572e-06,
      1.0
    ]
  ],
  "img_pre_cut_points": [
    [
      266.0,
      54.0
    ],
    [
      1626.0,
      58.0
    ],
    [
      1626.0,
      1036.0
    ],
    [
      268.0,
      1040.0
    ]
  ],