{
  "box": [
    [
      0,
      0
    ],
    [
      640,
      0
    ],
    [
      640,
      480
    ],
    [
      0,
      480
    ]
  ],
  "box2img": [
    [
      3.0000000000000018,
      2.2376577587385205e-16,
      -6.62837840170738e-15
    ],
    [
      -8.589998287331091e-16,
      2.2500000000000013,
      -5.3099885599650065e-15
    ],
    [
      7.937856768630368e-19,
      4.227538131023763e-19,
      1.0
    ]
  ],
  "box2img_post_cut": [
    [
      2.1656250000000017,
      3.691606753359472e-16,
      -7.662360329563356e-14
    ],
    [
      -8.973416221235223e-16,
      2.0833333333333357,
      -4.918461471437041e-14
    ],
    [
      2.6674424085242505e-19,
      1.9092982898948985e-20,
      1.0
    ]
  ],
  "box2img_pre_cut": [
    [
      2.12890813585351,
      0.014128464215945269,
      265.99999999999994
    ],
    [
      -0.02152428754143315,
      2.0360881180845793,
      70.00000000000006
    ],
    [
      6.262722474421152e-06,
      -9.263512593873729e-06,
      1.0
    ]
  ],
  "box2model": [
    [
      1.25,
      2.220446049250313e-16,
      -400.0000000000005
    ],
    [
      6.106226635438361e-16,
      -1.250000000000002,
      299.99999999999983
    ],
    [
      -1.3010426069826053e-18,
      2.2768245622195593e-18,
      1.0
    ]
  ],
  "box2tygron_export": [
    [
      1.562500000000003,
      -5.500886069353603e-16,
      -2.368695517507291e-13
    ],
    [
      2.6535102782589137e-15,
      -1.5625000000000027,
      1.4931285374775172e-13
    ],
    [
      -3.813401885542964e-19,
      4.633865791522061e-19,
      1.0
    ]
  ],
  "box2tygron_update": [
    [
      1.562500000000003,
      -5.500886069353603e-16,
      -2.368695517507291e-13
    ],
    [
      2.6535102782589137e-15,
      -1.5625000000000027,
      1.4931285374775172e-13
    ],
    [
      -3.813401885542964e-19,
      4.633865791522061e-19,
      1.0
    ]
  ],
  "img2box": [
    [
      0.3333333333333341,
      9.927795771477428e-16,
      -4.782775737954825e-13
    ],
    [
      5.0268281985549725e-17,
      0.4444444444444464,
      -1.9122951919886555e-13
    ],
    [
      5.943861387864634e-19,
      2.5428226861594615e-18,
      1.0
    ]
  ],
  "img2img_post_cut": [
    [
      0.7218750000000003,
      2.5898074713947596e-16,
      -3.3873836895181864e-13
    ],
    [
      -2.0234378324219876e-16,
      0.9259259259259283,
      -1.5064316981339143e-13
    ],
    [
      2.729509905787167e-20,
      4.394052690257984e-19,
      1.0
    ]
  ],
  "img2img_pre_cut": [
    [
      0.7096360452845036,
      0.0062793174293093446,
      265.9999999999999
    ],
    [
      -0.007174762513810606,
      0.9049280524820356,
      69.99999999999991
    ],
    [
      2.087574158140271e-06,
      -4.117116708387639e-06,
      1.0
    ]
  ],
  "img2model": [
    [
      0.4166666666666669,
      3.3306690738754696e-16,
      -400.00000000000017
    ],
    [
      -1.249000902703301e-16,
      -0.5555555555555565,
      300.0000000000005
    ],
    [
      3.2526065174565133e-19,
      -7.047314121155779e-19,
      1.0
    ]
  ],
  "img2tygron_export": [
    [
      0.5208333333333335,
      -9.091816604184797e-16,
      -3.863067634876649e-13
    ],
    [
      1.0097404060648853e-15,
      -0.6944444444444448,
      -2.0910389305489607e-13
    ],
    [
      -9.527512824295229e-19,
      -1.8037820969818686e-19,
      1.0
    ]
  ],
  "img2tygron_update": [
    [
      0.5208333333333335,
      -9.091816604184797e-16,
      -3.863067634876649e-13
    ],
    [
      1.0097404060648853e-15,
      -0.6944444444444448,
      -2.0910389305489607e-13
    ],
    [
      -9.527512824295229e-19,
      -1.8037820969818686e-19,
      1.0
    ]
  ],
  "img_points": [
    [
      0,
      0
    ],
    [
      1920,
      0
    ],
    [
      1920,
      1080
    ],
    [
      0,
      1080
    ]
  ],
  "img_post_cut2box": [
    [
      0.4617604617604626,
      7.257255472297493e-16,
      -2.9409829606363846e-13
    ],
    [
      1.374570360760199e-16,
      0.480000000000002,
      -1.692141435652439e-13
    ],
    [
      4.945516427059071e-19,
      2.69764794256739e-18,
      1.0
    ]
  ],
  "img_post_cut2img": [
    [
      1.3852813852813861,
      -1.3886596950465901e-16,
      -6.9779251821167065e-15
    ],
    [
      -3.5919999139271026e-16,
      1.0800000000000007,
      -5.4756546519207916e-15
    ],
    [
      3.4695718562261097e-19,
      1.3146826084884516e-19,
      1.0
    ]
  ],
  "img_post_cut2img_pre_cut": [
    [
      0.9830456038573196,
      0.006781662823654028,
      266.0
    ],
    [
      -0.009939064954197122,
      0.9773222966805979,
      69.99999999999996
    ],
    [
      2.8918776216656445e-06,
      -4.446486045059443e-06,
      1.0
    ]
  ],
  "img_post_cut2model": [
    [
      0.5772005772005766,
      -4.996003610813204e-16,
      -400.0000000000001
    ],
    [
      8.326672684688674e-17,
      -0.6000000000000011,
      300.00000000000017
    ],
    [
      -8.673617379884035e-19,
      5.421010862427522e-19,
      1.0
    ]
  ],
  "img_post_cut2tygron_export": [
    [
      0.7215007215007218,
      -2.514972110504842e-16,
      -2.7075997693915e-13
    ],
    [
      1.4638071875775708e-15,
      -0.7500000000000012,
      1.644611096612847e-13
    ],
    [
      -2.5945243695761697e-19,
      4.425836071319569e-19,
      1.0
    ]
  ],
  "img_post_cut2tygron_update": [
    [
      0.7215007215007218,
      -2.514972110504842e-16,
      -2.7075997693915e-13
    ],
    [
      1.4638071875775708e-15,
      -0.7500000000000012,
      1.644611096612847e-13
    ],
    [
      -2.5945243695761697e-19,
      4.425836071319569e-19,
      1.0
    ]
  ],
  "img_post_cut_points": [
    [
      0,
      0
    ],
    [
      1386,
      0
    ],
    [
      1386,
      1000
    ],
    [
      0,
      1000
    ]
  ],
  "img_pre_cut2box": [
    [
      0.4698409880596546,
      -0.0038276251573097705,
      -124.70976906285665
    ],
    [
      0.005066421729928584,
      0.49071913327028893,
      -35.69800750908134
    ],
    [
      -2.8955508538244335e-06,
      4.5697542252005e-06,
      1.0
    ]
  ],
  "img_pre_cut2img": [
    [
      1.409522964178958,
      -0.011482875471927223,
      -374.129307188567
    ],
    [
      0.011399448892339736,
      1.1041180498581458,
      -80.32051689543223
    ],
    [
      -2.895550853825138e-06,
      4.569754225199239e-06,
      1.0
    ]
  ],
  "img_pre_cut2img_post_cut": [
    [
      1.0174993897666893,
      -0.0082892007312967,
      -270.0745936267487
    ],
    [
      0.010555045270685848,
      1.0223315276464333,
      -74.37084897725278
    ],
    [
      -2.8955508538233493e-06,
      4.5697542252002015e-06,
      1.0
    ]
  ],
  "img_pre_cut2model": [
    [
      0.5884594554160978,
      -0.006612433136716403,
      -555.8872113285707
    ],
    [
      -0.00720169241855842,
      -0.6120279903202999,
      344.62250938635157
    ],
    [
      -2.8955508538247316e-06,
      4.569754225200798e-06,
      1.0
    ]
  ],
  "img_pre_cut2tygron_export": [
    [
      0.7341265438432104,
      -0.0059806643082949695,
      -194.85901416071368
    ],
    [
      -0.007916283953013789,
      -0.766748645734826,
      55.77813673293983
    ],
    [
      -2.895550853823268e-06,
      4.56975422519993e-06,
      1.0
    ]
  ],
  "img_pre_cut2tygron_update": [
    [
      0.7341265438432104,
      -0.0059806643082949695,
      -194.85901416071368
    ],
    [
      -0.007916283953013789,
      -0.766748645734826,
      55.77813673293983
    ],
    [
      -2.895550853823268e-06,
      4.56975422519993e-06,
      1.0
    ]
  ],
  "img_pre_cut_points": [
    [
      266.0,
      70.0
    ],
    [
      1622.0,
      56.0
    ],
    [
      1636.0,
      1034.0
    ],
    [
      274.0,
      1052.0
    ]
  ],