{
  "box": [
    [
      0,
      0
    ],
    [
      640,
      0
    ],
    [
      640,
      480
    ],
    [
      0,
      480
    ]
  ],
  "box2img": [
    [
      3.0000000000000018,
      2.2376577587385205e-16,
      -6.62837840170738e-15
    ],
    [
      -8.589998287331091e-16,
      2.2500000000000013,
      -5.3099885599650065e-15
    ],
    [
      7.937856768630368e-19,
      4.227538131023763e-19,
      1.0
    ]
  ],
  "box2img_post_cut": [
    [
      2.1656250000000017,
      3.691606753359472e-16,
      -7.662360329563356e-14
    ],
    [
      -8.973416221235223e-16,
      2.0833333333333357,
      -4.918461471437041e-14
    ],
    [
      2.6674424085242505e-19,
      1.9092982898948985e-20,
      1.0
    ]
  ],
  "box2img_pre_cut": [
    [
      2.139537195244629,
      -0.0066765786921226256,
      274.0
    ],
    [
      0.007040678592126426,
      2.044533033745432,
      57.99999999999994
    ],
    [
      1.2752880518178324e-05,
      -9.227617740648454e-06,
      1.0
    ]
  ],
  "box2model": [
    [
      1.25,
      2.220446049250313e-16,
      -400.0000000000005
    ],
    [
      6.106226635438361e-16,
      -1.250000000000002,
      299.99999999999983
    ],
    [
      -1.3010426069826053e-18,
      2.2768245622195593e-18,
      1.0
    ]
  ],
  "box2tygron_export": [
    [
      1.562500000000003,
      -5.500886069353603e-16,
      -2.368695517507291e-13
    ],
    [
      2.6535102782589137e-15,
      -1.5625000000000027,
      1.4931285374775172e-13
    ],
    [
      -3.813401885542964e-19,
      4.633865791522061e-19,
      1.0
    ]
  ],
  "box2tygron_update": [
    [
      1.562500000000003,
      -5.500886069353603e-16,
      -2.368695517507291e-13
    ],
    [
      2.6535102782589137e-15,
      -1.5625000000000027,
      1.4931285374775172e-13
    ],
    [
      -3.813401885542964e-19,
      4.633865791522061e-19,
      1.0
    ]
  ],
  "img2box": [
    [
      0.3333333333333341,
      9.927795771477428e-16,
      -4.782775737954825e-13
    ],
    [
      5.0268281985549725e-17,
      0.4444444444444464,
      -1.9122951919886555e-13
    ],
    [
      5.943861387864634e-19,
      2.5428226861594615e-18,
      1.0
    ]
  ],
  "img2img_post_cut": [
    [
      0.7218750000000003,
      2.5898074713947596e-16,
      -3.3873836895181864e-13
    ],
    [
      -2.0234378324219876e-16,
      0.9259259259259283,
      -1.5064316981339143e-13
    ],
    [
      2.729509905787167e-20,
      4.394052690257984e-19,
      1.0
    ]
  ],
  "img2img_pre_cut": [
    [
      0.7131790650815433,
      -0.002967368307610213,
      273.99999999999994
    ],
    [
      0.002346892864042549,
      0.9086813483313023,
      57.99999999999997
    ],
    [
      4.250960172725747e-06,
      -4.1011634402885995e-06,
      1.0
    ]
  ],
  "img2model": [
    [
      0.4166666666666669,
      3.3306690738754696e-16,
      -400.00000000000017
    ],
    [
      -1.249000902703301e-16,
      -0.5555555555555565,
      300.0000000000005
    ],
    [
      3.2526065174565133e-19,
      -7.047314121155779e-19,
      1.0
    ]
  ],
  "img2tygron_export": [
    [
      0.5208333333333335,
      -9.091816604184797e-16,
      -3.863067634876649e-13
    ],
    [
      1.0097404060648853e-15,
      -0.6944444444444448,
      -2.0910389305489607e-13
    ],
    [
      -9.527512824295229e-19,
      -1.8037820969818686e-19,
      1.0
    ]
  ],
  "img2tygron_update": [
    [
      0.5208333333333335,
      -9.091816604184797e-16,
      -3.863067634876649e-13
    ],
    [
      1.0097404060648853e-15,
      -0.6944444444444448,
      -2.0910389305489607e-13
    ],
    [
      -9.527512824295229e-19,
      -1.8037820969818686e-19,
      1.0
    ]
  ],
  "img_points": [
    [
      0,
      0
    ],
    [
      1920,
      0
    ],
    [
      1920,
      1080
    ],
    [
      0,
      1080
    ]
  ],
  "img_post_cut2box": [
    [
      0.4617604617604626,
      7.257255472297493e-16,
      -2.9409829606363846e-13
    ],
    [
      1.374570360760199e-16,
      0.480000000000002,
      -1.692141435652439e-13
    ],
    [
      4.945516427059071e-19,
      2.69764794256739e-18,
      1.0
    ]
  ],
  "img_post_cut2img": [
    [
      1.3852813852813861,
      -1.3886596950465901e-16,
      -6.9779251821167065e-15
    ],
    [
      -3.5919999139271026e-16,
      1.0800000000000007,
      -5.4756546519207916e-15
    ],
    [
      3.4695718562261097e-19,
      1.3146826084884516e-19,
      1.0
    ]
  ],
  "img_post_cut2img_pre_cut": [
    [
      0.9879536832298448,
      -0.0032047577722190967,
      273.9999999999999
    ],
    [
      0.003251106997808173,
      0.9813758561978065,
      57.9999999999999
    ],
    [
      5.888775996850499e-06,
      -4.429256515511463e-06,
      1.0
    ]
  ],
  "img_post_cut2model": [
    [
      0.5772005772005766,
      -4.996003610813204e-16,
      -400.0000000000001
    ],
    [
      8.326672684688674e-17,
      -0.6000000000000011,
      300.00000000000017
    ],
    [
      -8.673617379884035e-19,
      5.421010862427522e-19,
      1.0
    ]
  ],
  "img_post_cut2tygron_export": [
    [
      0.7215007215007218,
      -2.514972110504842e-16,
      -2.7075997693915e-13
    ],
    [
      1.4638071875775708e-15,
      -0.7500000000000012,
      1.644611096612847e-13
    ],
    [
      -2.5945243695761697e-19,
      4.425836071319569e-19,
      1.0
    ]
  ],
  "img_post_cut2tygron_update": [
    [
      0.7215007215007218,
      -2.514972110504842e-16,
      -2.7075997693915e-13
    ],
    [
      1.4638071875775708e-15,
      -0.7500000000000012,
      1.644611096612847e-13
    ],
    [
      -2.5945243695761697e-19,
      4.425836071319569e-19,
      1.0
    ]
  ],
  "img_post_cut_points": [
    [
      0,
      0
    ],
    [
      1386,
      0
    ],
    [
      1386,
      1000
    ],
    [
      0,
      1000
    ]
  ],
  "img_pre_cut2box": [
    [
      0.4675081253533704,
      0.0009482923435152335,
      -128.1522273027477
    ],
    [
      -0.0014404282621349185,
      0.48830518086348396,
      -27.927023146257405
    ],
    [
      -5.975366985295908e-06,
      4.493800090833876e-06,
      1.0
    ]
  ],
  "img_pre_cut2img": [
    [
      1.4025243760601116,
      0.0028448770305472826,
      -384.45668190824165
    ],
    [
      -0.003240963589801943,
      1.098686656942836,
      -62.835802079078945
    ],
    [
      -5.97536698529458e-06,
      4.493800090833212e-06,
      1.0
    ]
  ],
  "img_pre_cut2img_post_cut": [
    [
      1.0124472839683936,
      0.0020536456064267766,
      -277.52966725251275
    ],
    [
      -0.0030008922127796184,
      1.017302460132256,
      -58.18129822136933
    ],
    [
      -5.975366985295041e-06,
      4.493800090833158e-06,
      1.0
    ]
  ],
  "img_pre_cut2model": [
    [
      0.5867753034858313,
      -0.0006121546069385725,
      -560.1902841284347
    ],
    [
      7.925232079375455e-06,
      -0.6090333360521035,
      334.908778932822
    ],
    [
      -5.9753669852955285e-06,
      4.493800090833158e-06,
      1.0
    ]
  ],
  "img_pre_cut2tygron_export": [
    [
      0.7304814458646423,
      0.0014817067867440997,
      -200.23785516054323
    ],
    [
      0.0022506691595852585,
      -0.7629768450991927,
      43.635973666027255
    ],
    [
      -5.97536698529439e-06,
      4.4938000908324125e-06,
      1.0
    ]
  ],
  "img_pre_cut2tygron_update": [
    [
      0.7304814458646423,
      0.0014817067867440997,
      -200.23785516054323
    ],
    [
      0.0022506691595852585,
      -0.7629768450991927,
      43.635973666027255
    ],
    [
      -5.97536698529439e-06,
      4.4938000908324125e-06,
      1.0
    ]
  ],
  "img_pre_cut_points": [
    [
      274.0,
      58.0
    ],
    [
      1630.0,
      62.0
    ],
    [
      1634.0,
      1040.0
    ],
    [
      272.0,
      1044.0
    ]
  ],