{
  "box": [
    [
      0,
      0
    ],
    [
      640,
      0
    ],
    [
      640,
      480
    ],
    [
      0,
      480
    ]
  ],
  "box2img": [
    [
      3.0000000000000018,
      2.2376577587385205e-16,
      -6.62837840170738e-15
    ],
    [
      -8.589998287331091e-16,
      2.2500000000000013,
      -5.3099885599650065e-15
    ],
    [
      7.937856768630368e-19,
      4.227538131023763e-19,
      1.0
    ]
  ],
  "box2img_post_cut": [
    [
      2.1656250000000017,
      3.691606753359472e-16,
      -7.662360329563356e-14
    ],
    [
      -8.973416221235223e-16,
      2.0833333333333357,
      -4.918461471437041e-14
    ],
    [
      2.6674424085242505e-19,
      1.9092982898948985e-20,
      1.0
    ]
  ],
  "box2img_pre_cut": [
    [
      2.1406287630138365,
      -0.0008372095816660541,
      272.0
    ],
    [
      0.003718739771359114,
      2.046786592635079,
      60.0
    ],
    [
      9.576447925145181e-06,
      -3.0779764031817344e-06,
      1.0
    ]
  ],
  "box2model": [
    [
      1.25,
      2.220446049250313e-16,
      -400.0000000000005
    ],
    [
      6.106226635438361e-16,
      -1.250000000000002,
      299.99999999999983
    ],
    [
      -1.3010426069826053e-18,
      2.2768245622195593e-18,
      1.0
    ]
  ],
  "box2tygron_export": [
    [
      1.562500000000003,
      -5.500886069353603e-16,
      -2.368695517507291e-13
    ],
    [
      2.6535102782589137e-15,
      -1.5625000000000027,
      1.4931285374775172e-13
    ],
    [
      -3.813401885542964e-19,
      4.633865791522061e-19,
      1.0
    ]
  ],
  "box2tygron_update": [
    [
      1.562500000000003,
      -5.500886069353603e-16,
      -2.368695517507291e-13
    ],
    [
      2.6535102782589137e-15,
      -1.5625000000000027,
      1.4931285374775172e-13
    ],
    [
      -3.813401885542964e-19,
      4.633865791522061e-19,
      1.0
    ]
  ],
  "img2box": [
    [
      0.3333333333333341,
      9.927795771477428e-16,
      -4.782775737954825e-13
    ],
    [
      5.0268281985549725e-17,
      0.4444444444444464,
      -1.9122951919886555e-13
    ],
    [
      5.943861387864634e-19,
      2.5428226861594615e-18,
      1.0
    ]
  ],
  "img2img_post_cut": [
    [
      0.7218750000000003,
      2.5898074713947596e-16,
      -3.3873836895181864e-13
    ],
    [
      -2.0234378324219876e-16,
      0.9259259259259283,
      -1.5064316981339143e-13
    ],
    [
      2.729509905787167e-20,
      4.394052690257984e-19,
      1.0
    ]
  ],
  "img2img_pre_cut": [
    [
      0.7135429210046115,
      -0.0003720931474064104,
      271.99999999999994
    ],
    [
      0.0012395799237859967,
      0.9096829300600353,
      60.00000000000004
    ],
    [
      3.1921493083810403e-06,
      -1.3679895125250075e-06,
      1.0
    ]
  ],
  "img2model": [
    [
      0.4166666666666669,
      3.3306690738754696e-16,
      -400.00000000000017
    ],
    [
      -1.249000902703301e-16,
      -0.5555555555555565,
      300.0000000000005
    ],
    [
      3.2526065174565133e-19,
      -7.047314121155779e-19,
      1.0
    ]
  ],
  "img2tygron_export": [
    [
      0.5208333333333335,
      -9.091816604184797e-16,
      -3.863067634876649e-13
    ],
    [
      1.0097404060648853e-15,
      -0.6944444444444448,
      -2.0910389305489607e-13
    ],
    [
      -9.527512824295229e-19,
      -1.8037820969818686e-19,
      1.0
    ]
  ],
  "img2tygron_update": [
    [
      0.5208333333333335,
      -9.091816604184797e-16,
      -3.863067634876649e-13
    ],
    [
      1.0097404060648853e-15,
      -0.6944444444444448,
      -2.0910389305489607e-13
    ],
    [
      -9.527512824295229e-19,
      -1.8037820969818686e-19,
      1.0
    ]
  ],
  "img_points": [
    [
      0,
      0
    ],
    [
      1920,
      0
    ],
    [
      1920,
      1080
    ],
    [
      0,
      1080
    ]
  ],
  "img_post_cut2box": [
    [
      0.4617604617604626,
      7.257255472297493e-16,
      -2.9409829606363846e-13
    ],
    [
      1.374570360760199e-16,
      0.480000000000002,
      -1.692141435652439e-13
    ],
    [
      4.945516427059071e-19,
      2.69764794256739e-18,
      1.0
    ]
  ],
  "img_post_cut2img": [
    [
      1.3852813852813861,
      -1.3886596950465901e-16,
      -6.9779251821167065e-15
    ],
    [
      -3.5919999139271026e-16,
      1.0800000000000007,
      -5.4756546519207916e-15
    ],
    [
      3.4695718562261097e-19,
      1.3146826084884516e-19,
      1.0
    ]
  ],
  "img_post_cut2img_pre_cut": [
    [
      0.9884577260669949,
      -0.00040186059919963824,
      271.9999999999999
    ],
    [
      0.0017171669939897993,
      0.9824575644648381,
      60.000000000000014
    ],
    [
      4.422025015940023e-06,
      -1.4774286735276776e-06,
      1.0
    ]
  ],
  "img_post_cut2model": [
    [
      0.5772005772005766,
      -4.996003610813204e-16,
      -400.0000000000001
    ],
    [
      8.326672684688674e-17,
      -0.6000000000000011,
      300.00000000000017
    ],
    [
      -8.673617379884035e-19,
      5.421010862427522e-19,
      1.0
    ]
  ],
  "img_post_cut2tygron_export": [
    [
      0.7215007215007218,
      -2.514972110504842e-16,
      -2.7075997693915e-13
    ],
    [
      1.4638071875775708e-15,
      -0.7500000000000012,
      1.644611096612847e-13
    ],
    [
      -2.5945243695761697e-19,
      4.425836071319569e-19,
      1.0
    ]
  ],
  "img_post_cut2tygron_update": [
    [
      0.7215007215007218,
      -2.514972110504842e-16,
      -2.7075997693915e-13
    ],
    [
      1.4638071875775708e-15,
      -0.7500000000000012,
      1.644611096612847e-13
    ],
    [
      -2.5945243695761697e-19,
      4.425836071319569e-19,
      1.0
    ]
  ],
  "img_post_cut_points": [
    [
      0,
      0
    ],
    [
      1386,
      0
    ],
    [
      1386,
      1000
    ],
    [
      0,
      1000
    ]
  ],
  "img_pre_cut2box": [
    [
      0.4671942819698544,
      -8.465450562766819e-16,
      -127.07684469580057
    ],
    [
      -0.000717611563598744,
      0.48797586324676356,
      -29.083361449507123
    ],
    [
      -4.476270503669759e-06,
      1.5019781923965205e-06,
      1.0
    ]
  ],
  "img_pre_cut2img": [
    [
      1.4015828459095625,
      -5.828670879282072e-16,
      -381.23053408740026
    ],
    [
      -0.0016146260180962546,
      1.097945692305215,
      -65.43756326139074
    ],
    [
      -4.476270503669163e-06,
      1.5019781923950433e-06,
      1.0
    ]
  ],
  "img_pre_cut2img_post_cut": [
    [
      1.0117676168909675,
      1.249000902703301e-16,
      -275.20079179434316
    ],
    [
      -0.0014950240908297718,
      1.0166163817640892,
      -60.59033635313982
    ],
    [
      -4.476270503668431e-06,
      1.5019781923956125e-06,
      1.0
    ]
  ],
  "img_pre_cut2model": [
    [
      0.5857833606637852,
      -0.0006007912769585011,
      -558.8460558697502
    ],
    [
      -0.00044586669660258427,
      -0.6095192356007343,
      336.3542018118838
    ],
    [
      -4.47627050367003e-06,
      1.5019781923956803e-06,
      1.0
    ]
  ],
  "img_pre_cut2tygron_export": [
    [
      0.7299910655778987,
      1.3877787807814457e-16,
      -198.5575698371887
    ],
    [
      0.0011212680681223774,
      -0.762462286323067,
      45.44275226485496
    ],
    [
      -4.476270503667726e-06,
      1.5019781923952873e-06,
      1.0
    ]
  ],
  "img_pre_cut2tygron_update": [
    [
      0.7299910655778987,
      1.3877787807814457e-16,
      -198.5575698371887
    ],
    [
      0.0011212680681223774,
      -0.762462286323067,
      45.44275226485496
    ],
    [
      -4.476270503667726e-06,
      1.5019781923952873e-06,
      1.0
    ]
  ],
  "img_pre_cut_points": [
    [
      272.0,
      60.0
    ],
    [
      1632.0,
      62.0
    ],
    [
      1634.0,
      1040.0
    ],
    [
      272.0,
      1044.0
    ]
  ],