{
  "box": [
    [
      0,
      0
    ],
    [
      640,
      0
    ],
    [
      640,
      480
    ],
    [
      0,
      480
    ]
  ],
  "box2img": [
    [
      3.0000000000000018,
      2.2376577587385205e-16,
      -6.62837840170738e-15
    ],
    [
      -8.589998287331091e-16,
      2.2500000000000013,
      -5.3099885599650065e-15
    ],
    [
      7.937856768630368e-19,
      4.227538131023763e-19,
      1.0
    ]
  ],
  "box2img_post_cut": [
    [
      2.1656250000000017,
      3.691606753359472e-16,
      -7.662360329563356e-14
    ],
    [
      -8.973416221235223e-16,
      2.0833333333333357,
      -4.918461471437041e-14
    ],
    [
      2.6674424085242505e-19,
      1.9092982898948985e-20,
      1.0
    ]
  ],
  "box2img_pre_cut": [
    [
      2.1269735230439615,
      0.01086428585698379,
      259.99999999999994
    ],
    [
      -0.009204839156753741,
      2.0394257613896314,
      59.99999999999996
    ],
    [
      3.1511267267996922e-06,
      -6.149301289541193e-06,
      1.0
    ]
  ],
  "box2model": [
    [
      1.25,
      2.220446049250313e-16,
      -400.0000000000005
    ],
    [
      6.106226635438361e-16,
      -1.250000000000002,
      299.99999999999983
    ],
    [
      -1.3010426069826053e-18,
      2.2768245622195593e-18,
      1.0
    ]
  ],
  "box2tygron_export": [
    [
      1.562500000000003,
      -5.500886069353603e-16,
      -2.368695517507291e-13
    ],
    [
      2.6535102782589137e-15,
      -1.5625000000000027,
      1.4931285374775172e-13
    ],
    [
      -3.813401885542964e-19,
      4.633865791522061e-19,
      1.0
    ]
  ],
  "box2tygron_update": [
    [
      1.562500000000003,
      -5.500886069353603e-16,
      -2.368695517507291e-13
    ],
    [
      2.6535102782589137e-15,
      -1.5625000000000027,
      1.4931285374775172e-13
    ],
    [
      -3.813401885542964e-19,
      4.633865791522061e-19,
      1.0
    ]
  ],
  "img2box": [
    [
      0.3333333333333341,
      9.927795771477428e-16,
      -4.782775737954825e-13
    ],
    [
      5.0268281985549725e-17,
      0.4444444444444464,
      -1.9122951919886555e-13
    ],
    [
      5.943861387864634e-19,
      2.5428226861594615e-18,
      1.0
    ]
  ],
  "img2img_post_cut": [
    [
      0.7218750000000003,
      2.5898074713947596e-16,
      -3.3873836895181864e-13
    ],
    [
      -2.0234378324219876e-16,
      0.9259259259259283,
      -1.5064316981339143e-13
    ],
    [
      2.729509905787167e-20,
      4.394052690257984e-19,
      1.0
    ]
  ],
  "img2img_pre_cut": [
    [
      0.7089911743479874,
      0.004828571491992367,
      259.9999999999999
    ],
    [
      -0.0030682797189175715,
      0.906411449506503,
      59.999999999999886
    ],
    [
      1.0503755755997529e-06,
      -2.733022795352075e-06,
      1.0
    ]
  ],
  "img2model": [
    [
      0.4166666666666669,
      3.3306690738754696e-16,
      -400.00000000000017
    ],
    [
      -1.249000902703301e-16,
      -0.5555555555555565,
      300.0000000000005
    ],
    [
      3.2526065174565133e-19,
      -7.047314121155779e-19,
      1.0
    ]
  ],
  "img2tygron_export": [
    [
      0.5208333333333335,
      -9.091816604184797e-16,
      -3.863067634876649e-13
    ],
    [
      1.0097404060648853e-15,
      -0.6944444444444448,
      -2.0910389305489607e-13
    ],
    [
      -9.527512824295229e-19,
      -1.8037820969818686e-19,
      1.0
    ]
  ],
  "img2tygron_update": [
    [
      0.5208333333333335,
      -9.091816604184797e-16,
      -3.863067634876649e-13
    ],
    [
      1.0097404060648853e-15,
      -0.6944444444444448,
      -2.0910389305489607e-13
    ],
    [
      -9.527512824295229e-19,
      -1.8037820969818686e-19,
      1.0
    ]
  ],
  "img_points": [
    [
      0,
      0
    ],
    [
      1920,
      0
    ],
    [
      1920,
      1080
    ],
    [
      0,
      1080
    ]
  ],
  "img_post_cut2box": [
    [
      0.4617604617604626,
      7.257255472297493e-16,
      -2.9409829606363846e-13
    ],
    [
      1.374570360760199e-16,
      0.480000000000002,
      -1.692141435652439e-13
    ],
    [
      4.945516427059071e-19,
      2.69764794256739e-18,
      1.0
    ]
  ],
  "img_post_cut2img": [
    [
      1.3852813852813861,
      -1.3886596950465901e-16,
      -6.9779251821167065e-15
    ],
    [
      -3.5919999139271026e-16,
      1.0800000000000007,
      -5.4756546519207916e-15
    ],
    [
      3.4695718562261097e-19,
      1.3146826084884516e-19,
      1.0
    ]
  ],
  "img_post_cut2img_pre_cut": [
    [
      0.9821522761530546,
      0.005214857211350954,
      259.99999999999994
    ],
    [
      -0.004250430779453598,
      0.9789243654670222,
      59.99999999999994
    ],
    [
      1.4550657324322795e-06,
      -2.951664618981221e-06,
      1.0
    ]
  ],
  "img_post_cut2model": [
    [
      0.5772005772005766,
      -4.996003610813204e-16,
      -400.0000000000001
    ],
    [
      8.326672684688674e-17,
      -0.6000000000000011,
      300.00000000000017
    ],
    [
      -8.673617379884035e-19,
      5.421010862427522e-19,
      1.0
    ]
  ],
  "img_post_cut2tygron_export": [
    [
      0.7215007215007218,
      -2.514972110504842e-16,
      -2.7075997693915e-13
    ],
    [
      1.4638071875775708e-15,
      -0.7500000000000012,
      1.644611096612847e-13
    ],
    [
      -2.5945243695761697e-19,
      4.425836071319569e-19,
      1.0
    ]
  ],
  "img_post_cut2tygron_update": [
    [
      0.7215007215007218,
      -2.514972110504842e-16,
      -2.7075997693915e-13
    ],
    [
      1.4638071875775708e-15,
      -0.7500000000000012,
      1.644611096612847e-13
    ],
    [
      -2.5945243695761697e-19,
      4.425836071319569e-19,
      1.0
    ]
  ],
  "img_post_cut_points": [
    [
      0,
      0
    ],
    [
      1386,
      0
    ],
    [
      1386,
      1000
    ],
    [
      0,
      1000
    ]
  ],
  "img_pre_cut2box": [
    [
      0.4702258134355829,
      -0.0028730701431916306,
      -122.08632728466043
    ],
    [
      0.0021655401916529232,
      0.49013393004427697,
      -29.971076252486533
    ],
    [
      -1.468424569255614e-06,
      3.023034616186126e-06,
      1.0
    ]
  ],
  "img_pre_cut2img": [
    [
      1.4106774403067492,
      -0.00861921042957245,
      -366.25898185398034
    ],
    [
      0.004872465431220718,
      1.1028013425996217,
      -67.43492156809508
    ],
    [
      -1.468424569254069e-06,
      3.0230346161858686e-06,
      1.0
    ]
  ],
  "img_pre_cut2img_post_cut": [
    [
      1.0183327772214343,
      -0.006221992528847822,
      -264.3932025258422
    ],
    [
      0.004511542065944854,
      1.0211123542589091,
      -62.43974219268043
    ],
    [
      -1.4684245692542317e-06,
      3.0230346161857466e-06,
      1.0
    ]
  ],
  "img_pre_cut2model": [
    [
      0.5883696366221802,
      -0.004800551525463395,
      -552.6079091058248
    ],
    [
      -0.003147452610343243,
      -0.6117605021704893,
      337.463845315608
    ],
    [
      -1.468424569255316e-06,
      3.0230346161861667e-06,
      1.0
    ]
  ],
  "img_pre_cut2tygron_export": [
    [
      0.734727833493099,
      -0.00448917209873545,
      -190.75988638228193
    ],
    [
      -0.0033836565494584497,
      -0.7658342656941828,
      46.82980664451049
    ],
    [
      -1.4684245692542588e-06,
      3.0230346161854213e-06,
      1.0
    ]
  ],
  "img_pre_cut2tygron_update": [
    [
      0.734727833493099,
      -0.00448917209873545,
      -190.75988638228193
    ],
    [
      -0.0033836565494584497,
      -0.7658342656941828,
      46.82980664451049
    ],
    [
      -1.4684245692542588e-06,
      3.0230346161854213e-06,
      1.0
    ]
  ],
  "img_pre_cut_points": [
    [
      260.0,
      60.0
    ],
    [
      1618.0,
      54.0
    ],
    [
      1628.0,
      1034.0
    ],
    [
      266.0,
      1042.0
    ]
  ],