{
  "box": [
    [
      0,
      0
    ],
    [
      640,
      0
    ],
    [
      640,
      480
    ],
    [
      0,
      480
    ]
  ],
  "box2img": [
    [
      3.0000000000000018,
      2.2376577587385205e-16,
      -6.62837840170738e-15
    ],
    [
      -8.589998287331091e-16,
      2.2500000000000013,
      -5.3099885599650065e-15
    ],
    [
      7.937856768630368e-19,
      4.227538131023763e-19,
      1.0
    ]
  ],
  "box2img_post_cut": [
    [
      2.1656250000000017,
      3.691606753359472e-16,
      -7.662360329563356e-14
    ],
    [
      -8.973416221235223e-16,
      2.0833333333333357,
      -4.918461471437041e-14
    ],
    [
      2.6674424085242505e-19,
      1.9092982898948985e-20,
      1.0
    ]
  ],
  "box2img_pre_cut": [
    [
      2.140586656441717,
      -2.7755575615628914e-16,
      266.0
    ],
    [
      0.006805981595090993,
      2.0500000000000007,
      53.99999999999994
    ],
    [
      9.585889570552471e-06,
      1.0842021724855044e-19,
      1.0
    ]
  ],
  "box2model": [
    [
      1.25,
      2.220446049250313e-16,
      -400.0000000000005
    ],
    [
      6.106226635438361e-16,
      -1.250000000000002,
      299.99999999999983
    ],
    [
      -1.3010426069826053e-18,
      2.2768245622195593e-18,
      1.0
    ]
  ],
  "box2tygron_export": [
    [
      1.562500000000003,
      -5.500886069353603e-16,
      -2.368695517507291e-13
    ],
    [
      2.6535102782589137e-15,
      -1.5625000000000027,
      1.4931285374775172e-13
    ],
    [
      -3.813401885542964e-19,
      4.633865791522061e-19,
      1.0
    ]
  ],
  "box2tygron_update": [
    [
      1.562500000000003,
      -5.500886069353603e-16,
      -2.368695517507291e-13
    ],
    [
      2.6535102782589137e-15,
      -1.5625000000000027,
      1.4931285374775172e-13
    ],
    [
      -3.813401885542964e-19,
      4.633865791522061e-19,
      1.0
    ]
  ],
  "img2box": [
    [
      0.3333333333333341,
      9.927795771477428e-16,
      -4.782775737954825e-13
    ],
    [
      5.0268281985549725e-17,
      0.4444444444444464,
      -1.9122951919886555e-13
    ],
    [
      5.943861387864634e-19,
      2.5428226861594615e-18,
      1.0
    ]
  ],
  "img2img_post_cut": [
    [
      0.7218750000000003,
      2.5898074713947596e-16,
      -3.3873836895181864e-13
    ],
    [
      -2.0234378324219876e-16,
      0.9259259259259283,
      -1.5064316981339143e-13
    ],
    [
      2.729509905787167e-20,
      4.394052690257984e-19,
      1.0
    ]
  ],
  "img2img_pre_cut": [
    [
      0.7135288854805736,
      1.942890293094024e-16,
      265.99999999999994
    ],
    [
      0.002268660531697511,
      0.9111111111111128,
      53.99999999999993
    ],
    [
      3.1952965235180868e-06,
      4.336808689942018e-19,
      1.0
    ]
  ],
  "img2model": [
    [
      0.4166666666666669,
      3.3306690738754696e-16,
      -400.00000000000017
    ],
    [
      -1.249000902703301e-16,
      -0.5555555555555565,
      300.0000000000005
    ],
    [
      3.2526065174565133e-19,
      -7.047314121155779e-19,
      1.0
    ]
  ],
  "img2tygron_export": [
    [
      0.5208333333333335,
      -9.091816604184797e-16,
      -3.863067634876649e-13
    ],
    [
      1.0097404060648853e-15,
      -0.6944444444444448,
      -2.0910389305489607e-13
    ],
    [
      -9.527512824295229e-19,
      -1.8037820969818686e-19,
      1.0
    ]
  ],
  "img2tygron_update": [
    [
      0.5208333333333335,
      -9.091816604184797e-16,
      -3.863067634876649e-13
    ],
    [
      1.0097404060648853e-15,
      -0.6944444444444448,
      -2.0910389305489607e-13
    ],
    [
      -9.527512824295229e-19,
      -1.8037820969818686e-19,
      1.0
    ]
  ],
  "img_points": [
    [
      0,
      0
    ],
    [
      1920,
      0
    ],
    [
      1920,
      1080
    ],
    [
      0,
      1080
    ]
  ],
  "img_post_cut2box": [
    [
      0.4617604617604626,
      7.257255472297493e-16,
      -2.9409829606363846e-13
    ],
    [
      1.374570360760199e-16,
      0.480000000000002,
      -1.692141435652439e-13
    ],
    [
      4.945516427059071e-19,
      2.69764794256739e-18,
      1.0
    ]
  ],
  "img_post_cut2img": [
    [
      1.3852813852813861,
      -1.3886596950465901e-16,
      -6.9779251821167065e-15
    ],
    [
      -3.5919999139271026e-16,
      1.0800000000000007,
      -5.4756546519207916e-15
    ],
    [
      3.4695718562261097e-19,
      1.3146826084884516e-19,
      1.0
    ]
  ],
  "img_post_cut2img_pre_cut": [
    [
      0.98843828291681,
      -5.551115123125783e-17,
      266.0
    ],
    [
      0.0031427332040826345,
      0.9839999999999995,
      54.00000000000003
    ],
    [
      4.4263847944827234e-06,
      -5.421010862427522e-19,
      1.0
    ]
  ],
  "img_post_cut2model": [
    [
      0.5772005772005766,
      -4.996003610813204e-16,
      -400.0000000000001
    ],
    [
      8.326672684688674e-17,
      -0.6000000000000011,
      300.00000000000017
    ],
    [
      -8.673617379884035e-19,
      5.421010862427522e-19,
      1.0
    ]
  ],
  "img_post_cut2tygron_export": [
    [
      0.7215007215007218,
      -2.514972110504842e-16,
      -2.7075997693915e-13
    ],
    [
      1.4638071875775708e-15,
      -0.7500000000000012,
      1.644611096612847e-13
    ],
    [
      -2.5945243695761697e-19,
      4.425836071319569e-19,
      1.0
    ]
  ],
  "img_post_cut2tygron_update": [
    [
      0.7215007215007218,
      -2.514972110504842e-16,
      -2.7075997693915e-13
    ],
    [
      1.4638071875775708e-15,
      -0.7500000000000012,
      1.644611096612847e-13
    ],
    [
      -2.5945243695761697e-19,
      4.425836071319569e-19,
      1.0
    ]
  ],
  "img_post_cut_points": [
    [
      0,
      0
    ],
    [
      1386,
      0
    ],
    [
      1386,
      1000
    ],
    [
      0,
      1000
    ]
  ],
  "img_pre_cut2box": [
    [
      0.4671616526201718,
      -7.632783294297951e-16,
      -124.26499959696598
    ],
    [
      -0.0014330112043570778,
      0.48722380948116184,
      -25.928904731623938
    ],
    [
      -4.478160013614372e-06,
      9.351243737687476e-19,
      1.0
    ]
  ],
  "img_pre_cut2img": [
    [
      1.4014849578605142,
      -8.326672684688674e-17,
      -372.79499879089667
    ],
    [
      -0.0032242752098020355,
      1.096253571332611,
      -58.340035646153794
    ],
    [
      -4.47816001361345e-06,
      -7.860465750519907e-19,
      1.0
    ]
  ],
  "img_pre_cut2img_post_cut": [
    [
      1.0116969539555591,
      6.938893903907228e-17,
      -269.111389752179
    ],
    [
      -0.0029854400090760375,
      1.015049603085751,
      -54.018551524216235
    ],
    [
      -4.4781600136137485e-06,
      -2.439454888092385e-19,
      1.0
    ]
  ],
  "img_pre_cut2model": [
    [
      0.5857433297806592,
      -5.551115123125783e-17,
      -555.3312494962071
    ],
    [
      0.0004478160013616783,
      -0.6090297618514501,
      332.4111309145298
    ],
    [
      -4.478160013614372e-06,
      -2.168404344971009e-19,
      1.0
    ]
  ],
  "img_pre_cut2tygron_export": [
    [
      0.729940082219019,
      -2.7755575615628914e-17,
      -194.16406187025916
    ],
    [
      0.002239080006807434,
      -0.761287202314314,
      40.51391364316247
    ],
    [
      -4.478160013612502e-06,
      -6.776263578034403e-19,
      1.0
    ]
  ],
  "img_pre_cut2tygron_update": [
    [
      0.729940082219019,
      -2.7755575615628914e-17,
      -194.16406187025916
    ],
    [
      0.002239080006807434,
      -0.761287202314314,
      40.51391364316247
    ],
    [
      -4.478160013612502e-06,
      -6.776263578034403e-19,
      1.0
    ]
  ],
  "img_pre_cut_points": [
    [
      266.0,
      54.0
    ],
    [
      1626.0,
      58.0
    ],
    [
      1626.0,
      1036.0
    ],
    [
      266.0,
      1038.0
    ]
  ],