{
  "box": [
    [
      0,
      0
    ],
    [
      640,
      0
    ],
    [
      640,
      480
    ],
    [
      0,
      480
    ]
  ],
  "box2img": [
    [
      3.0000000000000018,
      2.2376577587385205e-16,
      -6.62837840170738e-15
    ],
    [
      -8.589998287331091e-16,
      2.2500000000000013,
      -5.3099885599650065e-15
    ],
    [
      7.937856768630368e-19,
      4.227538131023763e-19,
      1.0
    ]
  ],
  "box2img_post_cut": [
    [
      2.1656250000000017,
      3.691606753359472e-16,
      -7.662360329563356e-14
    ],
    [
      -8.973416221235223e-16,
      2.0833333333333357,
      -4.918461471437041e-14
    ],
    [
      2.6674424085242505e-19,
      1.9092982898948985e-20,
      1.0
    ]
  ],
  "box2img_pre_cut": [
    [
      2.116569142892171,
      0.023252533437789602,
      275.9999999999999
    ],
    [
      -0.02516235792863769,
      2.0353199651941973,
      65.99999999999997
    ],
    [
      -3.247158572722991e-06,
      -6.067592229895314e-06,
      1.0
    ]
  ],
  "box2model": [
    [
      1.25,
      2.220446049250313e-16,
      -400.0000000000005
    ],
    [
      6.106226635438361e-16,
      -1.250000000000002,
      299.99999999999983
    ],
    [
      -1.3010426069826053e-18,
      2.2768245622195593e-18,
      1.0
    ]
  ],
  "box2tygron_export": [
    [
      1.562500000000003,
      -5.500886069353603e-16,
      -2.368695517507291e-13
    ],
    [
      2.6535102782589137e-15,
      -1.5625000000000027,
      1.4931285374775172e-13
    ],
    [
      -3.813401885542964e-19,
      4.633865791522061e-19,
      1.0
    ]
  ],
  "box2tygron_update": [
    [
      1.562500000000003,
      -5.500886069353603e-16,
      -2.368695517507291e-13
    ],
    [
      2.6535102782589137e-15,
      -1.5625000000000027,
      1.4931285374775172e-13
    ],
    [
      -3.813401885542964e-19,
      4.633865791522061e-19,
      1.0
    ]
  ],
  "img2box": [
    [
      0.3333333333333341,
      9.927795771477428e-16,
      -4.782775737954825e-13
    ],
    [
      5.0268281985549725e-17,
      0.4444444444444464,
      -1.9122951919886555e-13
    ],
    [
      5.943861387864634e-19,
      2.5428226861594615e-18,
      1.0
    ]
  ],
  "img2img_post_cut": [
    [
      0.7218750000000003,
      2.5898074713947596e-16,
      -3.3873836895181864e-13
    ],
    [
      -2.0234378324219876e-16,
      0.9259259259259283,
      -1.5064316981339143e-13
    ],
    [
      2.729509905787167e-20,
      4.394052690257984e-19,
      1.0
    ]
  ],
  "img2img_pre_cut": [
    [
      0.7055230476307232,
      0.010334459305684496,
      276.0
    ],
    [
      -0.008387452642878643,
      0.9045866511974211,
      65.99999999999999
    ],
    [
      -1.0823861909074062e-06,
      -2.6967076577305397e-06,
      1.0
    ]
  ],
  "img2model": [
    [
      0.4166666666666669,
      3.3306690738754696e-16,
      -400.00000000000017
    ],
    [
      -1.249000902703301e-16,
      -0.5555555555555565,
      300.0000000000005
    ],
    [
      3.2526065174565133e-19,
      -7.047314121155779e-19,
      1.0
    ]
  ],
  "img2tygron_export": [
    [
      0.5208333333333335,
      -9.091816604184797e-16,
      -3.863067634876649e-13
    ],
    [
      1.0097404060648853e-15,
      -0.6944444444444448,
      -2.0910389305489607e-13
    ],
    [
      -9.527512824295229e-19,
      -1.8037820969818686e-19,
      1.0
    ]
  ],
  "img2tygron_update": [
    [
      0.5208333333333335,
      -9.091816604184797e-16,
      -3.863067634876649e-13
    ],
    [
      1.0097404060648853e-15,
      -0.6944444444444448,
      -2.0910389305489607e-13
    ],
    [
      -9.527512824295229e-19,
      -1.8037820969818686e-19,
      1.0
    ]
  ],
  "img_points": [
    [
      0,
      0
    ],
    [
      1920,
      0
    ],
    [
      1920,
      1080
    ],
    [
      0,
      1080
    ]
  ],
  "img_post_cut2box": [
    [
      0.4617604617604626,
      7.257255472297493e-16,
      -2.9409829606363846e-13
    ],
    [
      1.374570360760199e-16,
      0.480000000000002,
      -1.692141435652439e-13
    ],
    [
      4.945516427059071e-19,
      2.69764794256739e-18,
      1.0
    ]
  ],
  "img_post_cut2img": [
    [
      1.3852813852813861,
      -1.3886596950465901e-16,
      -6.9779251821167065e-15
    ],
    [
      -3.5919999139271026e-16,
      1.0800000000000007,
      -5.4756546519207916e-15
    ],
    [
      3.4695718562261097e-19,
      1.3146826084884516e-19,
      1.0
    ]
  ],
  "img_post_cut2img_pre_cut": [
    [
      0.9773479447698337,
      0.01116121605013945,
      276.0
    ],
    [
      -0.011618982016109308,
      0.9769535832932155,
      65.99999999999991
    ],
    [
      -1.499409441949902e-06,
      -2.9124442703485796e-06,
      1.0
    ]
  ],
  "img_post_cut2model": [
    [
      0.5772005772005766,
      -4.996003610813204e-16,
      -400.0000000000001
    ],
    [
      8.326672684688674e-17,
      -0.6000000000000011,
      300.00000000000017
    ],
    [
      -8.673617379884035e-19,
      5.421010862427522e-19,
      1.0
    ]
  ],
  "img_post_cut2tygron_export": [
    [
      0.7215007215007218,
      -2.514972110504842e-16,
      -2.7075997693915e-13
    ],
    [
      1.4638071875775708e-15,
      -0.7500000000000012,
      1.644611096612847e-13
    ],
    [
      -2.5945243695761697e-19,
      4.425836071319569e-19,
      1.0
    ]
  ],
  "img_post_cut2tygron_update": [
    [
      0.7215007215007218,
      -2.514972110504842e-16,
      -2.7075997693915e-13
    ],
    [
      1.4638071875775708e-15,
      -0.7500000000000012,
      1.644611096612847e-13
    ],
    [
      -2.5945243695761697e-19,
      4.425836071319569e-19,
      1.0
    ]
  ],
  "img_post_cut_points": [
    [
      0,
      0
    ],
    [
      1386,
      0
    ],
    [
      1386,
      1000
    ],
    [
      0,
      1000
    ]
  ],
  "img_pre_cut2box": [
    [
      0.472491500310405,
      -0.0057856102078831795,
      -130.02580381195176
    ],
    [
      0.0057904510257724,
      0.49146453081247427,
      -34.03482351673675
    ],
    [
      1.5693889214229918e-06,
      2.9632195746413927e-06,
      1.0
    ]
  ],
  "img_pre_cut2img": [
    [
      1.417474500931212,
      -0.01735683062364743,
      -390.0774114358534
    ],
    [
      0.013028514807988306,
      1.1057951943280642,
      -76.57835291265637
    ],
    [
      1.5693889214220432e-06,
      2.963219574641623e-06,
      1.0
    ]
  ],
  "img_pre_cut2img_post_cut": [
    [
      1.0232394053597211,
      -0.012529462106445441,
      -281.58713138025763
    ],
    [
      0.012063439637026649,
      1.023884439192654,
      -70.90588232653474
    ],
    [
      1.5693889214233713e-06,
      2.9632195746416502e-06,
      1.0
    ]
  ],
  "img_pre_cut2model": [
    [
      0.5899866198194363,
      -0.008417300589709714,
      -562.5322547649389
    ],
    [
      -0.006767247105788729,
      -0.6134416976431987,
      342.5435293959205
    ],
    [
      1.569388921421745e-06,
      2.963219574641054e-06,
      1.0
    ]
  ],
  "img_pre_cut2tygron_export": [
    [
      0.7382679692350079,
      -0.009040015949816335,
      -203.16531845617462
    ],
    [
      -0.009047579727769858,
      -0.7679133293944906,
      53.17941174490115
    ],
    [
      1.5693889214234526e-06,
      2.9632195746407964e-06,
      1.0
    ]
  ],
  "img_pre_cut2tygron_update": [
    [
      0.7382679692350079,
      -0.009040015949816335,
      -203.16531845617462
    ],
    [
      -0.009047579727769858,
      -0.7679133293944906,
      53.17941174490115
    ],
    [
      1.5693889214234526e-06,
      2.9632195746407964e-06,
      1.0
    ]
  ],
  "img_pre_cut_points": [
    [
      276.0,
      66.0
    ],
    [
      1634.0,
      50.0
    ],
    [
      1650.0,
      1032.0
    ],
    [
      288.0,
      1046.0
    ]
  ],