{
  "box": [
    [
      0,
      0
    ],
    [
      640,
      0
    ],
    [
      640,
      480
    ],
    [
      0,
      480
    ]
  ],
  "box2img": [
    [
      3.0000000000000018,
      2.2376577587385205e-16,
      -6.62837840170738e-15
    ],
    [
      -8.589998287331091e-16,
      2.2500000000000013,
      -5.3099885599650065e-15
    ],
    [
      7.937856768630368e-19,
      4.227538131023763e-19,
      1.0
    ]
  ],
  "box2img_post_cut": [
    [
      2.1656250000000017,
      3.691606753359472e-16,
      -7.662360329563356e-14
    ],
    [
      -8.973416221235223e-16,
      2.0833333333333357,
      -4.918461471437041e-14
    ],
    [
      2.6674424085242505e-19,
      1.9092982898948985e-20,
      1.0
    ]
  ],
  "box2img_pre_cut": [
    [
      2.1352143523948577,
      0.015034189466292425,
      255.99999999999997
    ],
    [
      -0.012158678818488977,
      2.0435319274560957,
      61.9999999999999
    ],
    [
      6.320762620580273e-06,
      -6.183625758990623e-06,
      1.0
    ]
  ],
  "box2model": [
    [
      1.25,
      2.220446049250313e-16,
      -400.0000000000005
    ],
    [
      6.106226635438361e-16,
      -1.250000000000002,
      299.99999999999983
    ],
    [
      -1.3010426069826053e-18,
      2.2768245622195593e-18,
      1.0
    ]
  ],
  "box2tygron_export": [
    [
      1.562500000000003,
      -5.500886069353603e-16,
      -2.368695517507291e-13
    ],
    [
      2.6535102782589137e-15,
      -1.5625000000000027,
      1.4931285374775172e-13
    ],
    [
      -3.813401885542964e-19,
      4.633865791522061e-19,
      1.0
    ]
  ],
  "box2tygron_update": [
    [
      1.562500000000003,
      -5.500886069353603e-16,
      -2.368695517507291e-13
    ],
    [
      2.6535102782589137e-15,
      -1.5625000000000027,
      1.4931285374775172e-13
    ],
    [
      -3.813401885542964e-19,
      4.633865791522061e-19,
      1.0
    ]
  ],
  "img2box": [
    [
      0.3333333333333341,
      9.927795771477428e-16,
      -4.782775737954825e-13
    ],
    [
      5.0268281985549725e-17,
      0.4444444444444464,
      -1.9122951919886555e-13
    ],
    [
      5.943861387864634e-19,
      2.5428226861594615e-18,
      1.0
    ]
  ],
  "img2img_post_cut": [
    [
      0.7218750000000003,
      2.5898074713947596e-16,
      -3.3873836895181864e-13
    ],
    [
      -2.0234378324219876e-16,
      0.9259259259259283,
      -1.5064316981339143e-13
    ],
    [
      2.729509905787167e-20,
      4.394052690257984e-19,
      1.0
    ]
  ],
  "img2img_pre_cut": [
    [
      0.7117381174649529,
      0.006681861985019716,
      255.9999999999999
    ],
    [
      -0.004052892939496011,
      0.90823641220271,
      61.999999999999986
    ],
    [
      2.1069208735270196e-06,
      -2.7482781151067583e-06,
      1.0
    ]
  ],
  "img2model": [
    [
      0.4166666666666669,
      3.3306690738754696e-16,
      -400.00000000000017
    ],
    [
      -1.249000902703301e-16,
      -0.5555555555555565,
      300.0000000000005
    ],
    [
      3.2526065174565133e-19,
      -7.047314121155779e-19,
      1.0
    ]
  ],
  "img2tygron_export": [
    [
      0.5208333333333335,
      -9.091816604184797e-16,
      -3.863067634876649e-13
    ],
    [
      1.0097404060648853e-15,
      -0.6944444444444448,
      -2.0910389305489607e-13
    ],
    [
      -9.527512824295229e-19,
      -1.8037820969818686e-19,
      1.0
    ]
  ],
  "img2tygron_update": [
    [
      0.5208333333333335,
      -9.091816604184797e-16,
      -3.863067634876649e-13
    ],
    [
      1.0097404060648853e-15,
      -0.6944444444444448,
      -2.0910389305489607e-13
    ],
    [
      -9.527512824295229e-19,
      -1.8037820969818686e-19,
      1.0
    ]
  ],
  "img_points": [
    [
      0,
      0
    ],
    [
      1920,
      0
    ],
    [
      1920,
      1080
    ],
    [
      0,
      1080
    ]
  ],
  "img_post_cut2box": [
    [
      0.4617604617604626,
      7.257255472297493e-16,
      -2.9409829606363846e-13
    ],
    [
      1.374570360760199e-16,
      0.480000000000002,
      -1.692141435652439e-13
    ],
    [
      4.945516427059071e-19,
      2.69764794256739e-18,
      1.0
    ]
  ],
  "img_post_cut2img": [
    [
      1.3852813852813861,
      -1.3886596950465901e-16,
      -6.9779251821167065e-15
    ],
    [
      -3.5919999139271026e-16,
      1.0800000000000007,
      -5.4756546519207916e-15
    ],
    [
      3.4695718562261097e-19,
      1.3146826084884516e-19,
      1.0
    ]
  ],
  "img_post_cut2img_pre_cut": [
    [
      0.9859575653194145,
      0.007216410943820806,
      255.99999999999994
    ],
    [
      -0.00561439714562241,
      0.9808953251789257,
      61.99999999999993
    ],
    [
      2.918678266357631e-06,
      -2.9681403643161744e-06,
      1.0
    ]
  ],
  "img_post_cut2model": [
    [
      0.5772005772005766,
      -4.996003610813204e-16,
      -400.0000000000001
    ],
    [
      8.326672684688674e-17,
      -0.6000000000000011,
      300.00000000000017
    ],
    [
      -8.673617379884035e-19,
      5.421010862427522e-19,
      1.0
    ]
  ],
  "img_post_cut2tygron_export": [
    [
      0.7215007215007218,
      -2.514972110504842e-16,
      -2.7075997693915e-13
    ],
    [
      1.4638071875775708e-15,
      -0.7500000000000012,
      1.644611096612847e-13
    ],
    [
      -2.5945243695761697e-19,
      4.425836071319569e-19,
      1.0
    ]
  ],
  "img_post_cut2tygron_update": [
    [
      0.7215007215007218,
      -2.514972110504842e-16,
      -2.7075997693915e-13
    ],
    [
      1.4638071875775708e-15,
      -0.7500000000000012,
      1.644611096612847e-13
    ],
    [
      -2.5945243695761697e-19,
      4.425836071319569e-19,
      1.0
    ]
  ],
  "img_post_cut_points": [
    [
      0,
      0
    ],
    [
      1386,
      0
    ],
    [
      1386,
      1000
    ],
    [
      0,
      1000
    ]
  ],
  "img_pre_cut2box": [
    [
      0.46840529546242915,
      -0.003808173133841769,
      -119.67564890408391
    ],
    [
      0.0028762207453015,
      0.48895752670135395,
      -31.051679166281346
    ],
    [
      -2.9428932101523803e-06,
      3.0476009155599738e-06,
      1.0
    ]
  ],
  "img_pre_cut2img": [
    [
      1.4052158863872863,
      -0.011424519401522948,
      -359.0269467122506
    ],
    [
      0.006471496676929617,
      1.1001544350780434,
      -69.86627812413286
    ],
    [
      -2.942893210152326e-06,
      3.047600915559296e-06,
      1.0
    ]
  ],
  "img_pre_cut2img_post_cut": [
    [
      1.0143902179858229,
      -0.008247074942974067,
      -259.1725771579063
    ],
    [
      0.005992126552712321,
      1.0186615139611526,
      -64.69099826308583
    ],
    [
      -2.942893210151486e-06,
      3.0476009155594994e-06,
      1.0
    ]
  ],
  "img_pre_cut2model": [
    [
      0.586683776612097,
      -0.0059792567835249,
      -549.5945611301051
    ],
    [
      -0.004478143894672812,
      -0.6102826281020234,
      338.8145989578515
    ],
    [
      -2.942893210152245e-06,
      3.0476009155599873e-06,
      1.0
    ]
  ],
  "img_pre_cut2tygron_export": [
    [
      0.7318832741600465,
      -0.005950270521626458,
      -186.99320141263107
    ],
    [
      -0.004494094914533897,
      -0.7639961354708653,
      48.518248697314654
    ],
    [
      -2.942893210150781e-06,
      3.0476009155594723e-06,
      1.0
    ]
  ],
  "img_pre_cut2tygron_update": [
    [
      0.7318832741600465,
      -0.005950270521626458,
      -186.99320141263107
    ],
    [
      -0.004494094914533897,
      -0.7639961354708653,
      48.518248697314654
    ],
    [
      -2.942893210150781e-06,
      3.0476009155594723e-06,
      1.0
    ]
  ],
  "img_pre_cut_points": [
    [
      256.0,
      62.0
    ],
    [
      1616.0,
      54.0
    ],
    [
      1628.0,
      1034.0
    ],
    [
      264.0,
      1046.0
    ]
  ],